-- MySQL dump 10.13  Distrib 8.0.28, for Win64 (x86_64)
--
-- Host: localhost    Database: db_a993c8_freelan
-- ------------------------------------------------------
-- Server version	8.0.28

/*!40101 SET @OLD_CHARACTER_SET_CLIENT=@@CHARACTER_SET_CLIENT */;
/*!40101 SET @OLD_CHARACTER_SET_RESULTS=@@CHARACTER_SET_RESULTS */;
/*!40101 SET @OLD_COLLATION_CONNECTION=@@COLLATION_CONNECTION */;
/*!50503 SET NAMES utf8mb4 */;
/*!40103 SET @OLD_TIME_ZONE=@@TIME_ZONE */;
/*!40103 SET TIME_ZONE='+00:00' */;
/*!40014 SET @OLD_UNIQUE_CHECKS=@@UNIQUE_CHECKS, UNIQUE_CHECKS=0 */;
/*!40014 SET @OLD_FOREIGN_KEY_CHECKS=@@FOREIGN_KEY_CHECKS, FOREIGN_KEY_CHECKS=0 */;
/*!40101 SET @OLD_SQL_MODE=@@SQL_MODE, SQL_MODE='NO_AUTO_VALUE_ON_ZERO' */;
/*!40111 SET @OLD_SQL_NOTES=@@SQL_NOTES, SQL_NOTES=0 */;

--
-- Table structure for table `chatgpt_api_messages`
--

DROP TABLE IF EXISTS `chatgpt_api_messages`;
/*!40101 SET @saved_cs_client     = @@character_set_client */;
/*!50503 SET character_set_client = utf8mb4 */;
CREATE TABLE `chatgpt_api_messages` (
  `message_id` int NOT NULL AUTO_INCREMENT,
  `user_id` int NOT NULL,
  `message_date` datetime NOT NULL DEFAULT CURRENT_TIMESTAMP,
  `request_content` varchar(5000) COLLATE utf8_unicode_ci DEFAULT NULL,
  `response_content` varchar(5000) COLLATE utf8_unicode_ci DEFAULT NULL,
  `for_job_categorization` tinyint NOT NULL DEFAULT '1',
  PRIMARY KEY (`message_id`),
  KEY `user_id_INDEX` (`user_id`),
  KEY `message_date_INDEX` (`message_date`),
  CONSTRAINT `fk_chatgpt_api_messages_users1` FOREIGN KEY (`user_id`) REFERENCES `users` (`user_id`)
) ENGINE=InnoDB DEFAULT CHARSET=utf8mb3 COLLATE=utf8_unicode_ci;
/*!40101 SET character_set_client = @saved_cs_client */;

--
-- Dumping data for table `chatgpt_api_messages`
--

LOCK TABLES `chatgpt_api_messages` WRITE;
/*!40000 ALTER TABLE `chatgpt_api_messages` DISABLE KEYS */;
/*!40000 ALTER TABLE `chatgpt_api_messages` ENABLE KEYS */;
UNLOCK TABLES;

--
-- Table structure for table `email_verification_codes`
--

DROP TABLE IF EXISTS `email_verification_codes`;
/*!40101 SET @saved_cs_client     = @@character_set_client */;
/*!50503 SET character_set_client = utf8mb4 */;
CREATE TABLE `email_verification_codes` (
  `verification_code` varchar(9) COLLATE utf8_unicode_ci NOT NULL,
  PRIMARY KEY (`verification_code`)
) ENGINE=InnoDB DEFAULT CHARSET=utf8mb3 COLLATE=utf8_unicode_ci;
/*!40101 SET character_set_client = @saved_cs_client */;

--
-- Dumping data for table `email_verification_codes`
--

LOCK TABLES `email_verification_codes` WRITE;
/*!40000 ALTER TABLE `email_verification_codes` DISABLE KEYS */;
INSERT INTO `email_verification_codes` VALUES ('111791883'),('111915382'),('111987475'),('112195637'),('112251558'),('112311543'),('112343726'),('112399155'),('112465511'),('112482216'),('112642922'),('112652314'),('112688169'),('112732437'),('112762984'),('112777317'),('112988551'),('113211621'),('113346238'),('113363526'),('113379926'),('113423354'),('113434195'),('113751463'),('114313363'),('114343237'),('114386573'),('114513119'),('114529519'),('114578261'),('114622494'),('114649292'),('114666273'),('114747693'),('114864172'),('114965276'),('115117577'),('115136655'),('115138665'),('115247776'),('115279643'),('115342828'),('115371912'),('115372792'),('115377352'),('115385853'),('115649811'),('115773547'),('115826121'),('115988878'),('116229984'),('116282824'),('116284313'),('116365983'),('116689197'),('116692467'),('116942413'),('116952282'),('117188959'),('117211917'),('117291457'),('117299167'),('117396833'),('117524292'),('117546539'),('117652737'),('117737171'),('117742718'),('117795189'),('117797312'),('117834694'),('117895767'),('117898631'),('117963797'),('117984154'),('118185736'),('118426226'),('118434535'),('118436831'),('118481153'),('118537267'),('118621653'),('118767313'),('118774582'),('118833729'),('118839717'),('118899123'),('119132738'),('119149143'),('119161856'),('119174432'),('119186944'),('119239852'),('119292939'),('119362124'),('119424731'),('119463162'),('119521626'),('119541668'),('119632747'),('119644789'),('119678184'),('119777664'),('119951872'),('119963947'),('119968446'),('119996448'),('121113678'),('121144228'),('121273941'),('121283814'),('121334922'),('121348418'),('121358175'),('121417174'),('121429228'),('121437381'),('121468751'),('121484347'),('121642247'),('121671852'),('121734458'),('121783656'),('121994865'),('122233337'),('122258178'),('122264143'),('122427151'),('122469332'),('122494493'),('122516256'),('122553277'),('122668347'),('122686858'),('122749778'),('122869117'),('122898946'),('122943137'),('122995749'),('123224859'),('123263637'),('123288848'),('123323858'),('123331165'),('123394556'),('123438212'),('123478593'),('123545652'),('123573263'),('123598881'),('123767539'),('123773892'),('123782552'),('123881661'),('123972285'),('124193226'),('124279315'),('124286767'),('124312578'),('124348767'),('124354174'),('124445612'),('124447126'),('124922553'),('124992635'),('125128677'),('125157131'),('125161347'),('125212475'),('125263268'),('125265926'),('125272753'),('125456193'),('125479746'),('125513483'),('125541843'),('125576894'),('125595764'),('125648282'),('125881463'),('125911278'),('125929739'),('126178611'),('126185769'),('126258182'),('126324913'),('126325162'),('126391624'),('126425473'),('126447464'),('126617138'),('126625892'),('126732953'),('126847332'),('126917147'),('126917967'),('126932376'),('126982444'),('127172599'),('127455844'),('127468266'),('127557184'),('127636774'),('127643425'),('127647279'),('127672426'),('127672529'),('127743527'),('127752348'),('127753239'),('127834963'),('127851364'),('127877814'),('127952941'),('127983914'),('128397672'),('128628869'),('128637648'),('128697476'),('128758435'),('128767161'),('128851198'),('128888512'),('129112977'),('129151951'),('129153295'),('129158368'),('129176562'),('129256319'),('129289484'),('129299711'),('129312933'),('129313486'),('129327371'),('129347218'),('129392481'),('129453696'),('129458333'),('129476116'),('129513441'),('129623772'),('129712795'),('129758157'),('129815721'),('129867779'),('129869381'),('129926144'),('129931841'),('129987825'),('131114377'),('131213194'),('131325474'),('131389132'),('131419875'),('131491129'),('131515427'),('131527146'),('131621338'),('131758254'),('131799296'),('131826268'),('131898269'),('132115591'),('132147942'),('132188821'),('132288664'),('132429727'),('132628731'),('132646727'),('132739915'),('132752952'),('132897263'),('132914726'),('132927948'),('132971955'),('133151766'),('133224637'),('133262613'),('133341555'),('133351356'),('133386378'),('133393521'),('133415947'),('133436968'),('133443265'),('133449544'),('133451119'),('133496842'),('133517375'),('133539117'),('133567128'),('133575515'),('133576524'),('133691577'),('133697139'),('133821672'),('133912121'),('133995467'),('134186876'),('134213431'),('134254254'),('134297313'),('134326182'),('134364264'),('134381325'),('134397253'),('134416371'),('134511313'),('134674953'),('134677719'),('134769446'),('134843158'),('134974443'),('135111385'),('135174654'),('135177828'),('135241574'),('135254657'),('135258521'),('135265798'),('135399293'),('135449714'),('135663234'),('135738275'),('135762185'),('135841719'),('135864619'),('136286236'),('136362396'),('136378519'),('136488975'),('136512111'),('136525523'),('136581352'),('136615257'),('136628644'),('136661446'),('136699491'),('136783525'),('136824343'),('136841736'),('136933576'),('136958314'),('136991742'),('137212784'),('137366871'),('137568114'),('137576567'),('137661358'),('137811163'),('137841967'),('137847622'),('137875244'),('137886893'),('137892487'),('137925495'),('137955891'),('138117368'),('138148556'),('138165329'),('138264393'),('138277619'),('138277983'),('138442753'),('138514734'),('138543123'),('138775827'),('138846592'),('138862371'),('138873616'),('139134756'),('139187836'),('139381495'),('139564848'),('139626154'),('139638468'),('139741456'),('139835479'),('139885585'),('139939879'),('139956139'),('141117825'),('141167235'),('141185292'),('141296148'),('141371167'),('141414934'),('141482331'),('141541721'),('141716492'),('141751338'),('141763882'),('141818646'),('141823733'),('141848757'),('141851555'),('141988213'),('142113936'),('142143271'),('142196582'),('142229681'),('142353544'),('142357716'),('142358958'),('142419379'),('142419515'),('142446816'),('142479679'),('142613355'),('142624466'),('142654363'),('142666919'),('142811325'),('142851145'),('142871545'),('142914925'),('142927574'),('142995239'),('143122326'),('143266944'),('143334561'),('143348638'),('143475175'),('143491187'),('143516418'),('143523761'),('143527688'),('143534433'),('143574997'),('143622772'),('143658157'),('143684178'),('143712498'),('143816282'),('143883352'),('143897255'),('143914478'),('143981193'),('144154586'),('144172276'),('144216846'),('144219211'),('144312616'),('144316847'),('144341643'),('144373245'),('144392347'),('144398142'),('144569231'),('144577537'),('144635652'),('144889536'),('144918435'),('144965437'),('144971222'),('145291934'),('145336175'),('145383812'),('145437925'),('145482455'),('145566913'),('145727636'),('145748438'),('145845563'),('145915867'),('145986418'),('145991374'),('146173715'),('146256775'),('146418731'),('146517855'),('146548374'),('146557448'),('146564777'),('146598524'),('146663374'),('146678232'),('146756945'),('146787858'),('146963195'),('147145865'),('147166756'),('147217421'),('147246538'),('147512846'),('147513474'),('147518217'),('147527569'),('147584918'),('147586916'),('147727541'),('147739757'),('147841466'),('147896752'),('147926329'),('147961954'),('147965459'),('148175474'),('148448488'),('148527143'),('148543871'),('148553223'),('148569579'),('148588794'),('148621834'),('148648693'),('148658589'),('148693149'),('148699197'),('148783186'),('148786857'),('149392914'),('149541249'),('149553649'),('149616758'),('149657361'),('149685925'),('149711641'),('149712725'),('149749859'),('149784823'),('149792552'),('149861164'),('149889548'),('149889971'),('149931965'),('151349822'),('151396271'),('151447725'),('151454446'),('151587189'),('151638633'),('151691711'),('151737236'),('151771983'),('151792313'),('151811861'),('151828751'),('152388351'),('152528878'),('152573336'),('152633587'),('152681265'),('152684461'),('152824782'),('152899246'),('152966816'),('153113614'),('153239796'),('153241472'),('153251673'),('153256382'),('153267719'),('153288454'),('153333962'),('153414583'),('153419719'),('153431515'),('153443468'),('153453427'),('153465263'),('153498713'),('153549147'),('153635219'),('153789871'),('153821557'),('153883368'),('153927716'),('153979342'),('153999343'),('154387321'),('154391948'),('154434175'),('154517974'),('154544644'),('154565329'),('154611315'),('154691426'),('154879229'),('154977668'),('155112923'),('155127142'),('155168473'),('155193551'),('155384516'),('155446232'),('155549582'),('155549783'),('155624672'),('155639377'),('155893222'),('155976198'),('156168466'),('156172151'),('156323236'),('156379869'),('156471812'),('156492973'),('156522335'),('156537592'),('156853419'),('157127948'),('157231521'),('157282579'),('157326891'),('157619688'),('157629726'),('157648719'),('157649345'),('157675169'),('157698177'),('157795951'),('157797627'),('157851837'),('157931475'),('157936373'),('157954712'),('158179681'),('158198343'),('158228277'),('158337699'),('158342283'),('158344986'),('158351131'),('158393646'),('158632485'),('158649894'),('158652245'),('158675258'),('158737653'),('158763758'),('158871356'),('158948257'),('159111896'),('159126737'),('159258438'),('159332533'),('159426964'),('159466685'),('159485794'),('159525974'),('159543854'),('159564531'),('159647278'),('159691856'),('159844492'),('159919311'),('159975316'),('161163749'),('161221474'),('161316227'),('161339171'),('161342415'),('161393675'),('161614363'),('161642489'),('161752857'),('161815857'),('161874824'),('161953892'),('161976786'),('161982319'),('162112584'),('162114946'),('162229825'),('162324864'),('162329781'),('162378124'),('162436786'),('162447335'),('162451265'),('162595949'),('162778833'),('162885614'),('162976833'),('163115634'),('163329352'),('163466335'),('163479436'),('163488596'),('163511624'),('163615279'),('163713577'),('163742241'),('163819453'),('163976696'),('164158455'),('164238658'),('164281748'),('164295366'),('164387622'),('164479312'),('164491274'),('164592174'),('164722826'),('164744822'),('164785243'),('164843778'),('164998363'),('165239512'),('165286613'),('165322384'),('165418368'),('165684827'),('165721565'),('165874296'),('165945668'),('165958418'),('166126114'),('166127131'),('166144467'),('166331486'),('166352893'),('166377363'),('166699596'),('166751553'),('166769423'),('166822566'),('166894817'),('166899685'),('166945632'),('166973562'),('167171625'),('167222157'),('167313416'),('167382463'),('167516911'),('167712323'),('167836919'),('167895175'),('167924813'),('167928212'),('168225786'),('168239226'),('168284852'),('168311752'),('168355871'),('168374242'),('168376849'),('168537242'),('168539978'),('168541286'),('168628238'),('168634661'),('168681995'),('168698989'),('168736436'),('168797253'),('168812447'),('168898438'),('168997627'),('169125291'),('169154111'),('169154174'),('169319467'),('169372228'),('169452353'),('169453667'),('169489949'),('169494833'),('169539411'),('169597485'),('169632538'),('169666889'),('169737552'),('169769485'),('169787133'),('169865595'),('171219754'),('171264819'),('171395218'),('171486882'),('171524692'),('171527743'),('171615636'),('171763323'),('172126487'),('172147147'),('172148952'),('172311569'),('172365563'),('172397476'),('172439262'),('172454544'),('172569654'),('172614966'),('172678163'),('172686577'),('172739284'),('172799871'),('172889255'),('173174559'),('173181262'),('173181898'),('173189579'),('173231467'),('173298161'),('173298535'),('173348967'),('173369373'),('173471719'),('173632619'),('173646271'),('173761664'),('173766111'),('173773282'),('173827182'),('173831425'),('173959985'),('174148527'),('174172434'),('174174462'),('174182716'),('174263916'),('174298421'),('174372143'),('174413754'),('174435337'),('174458637'),('174483948'),('174539242'),('174625432'),('174628185'),('174773396'),('174853287'),('174921897'),('174975397'),('175217447'),('175277634'),('175478778'),('175481335'),('175526376'),('175551435'),('175592642'),('175754532'),('175759736'),('175797813'),('175921639'),('175978165'),('175991591'),('175995229'),('176152142'),('176191279'),('176192555'),('176219163'),('176285144'),('176349612'),('176358763'),('176391686'),('176428415'),('176636519'),('176766953'),('176814641'),('176827757'),('176856589'),('176923736'),('176971222'),('177182628'),('177256348'),('177541692'),('177576536'),('177585641'),('177594447'),('177745383'),('177786857'),('177961472'),('177991556'),('178139296'),('178239683'),('178283396'),('178322992'),('178476539'),('178491695'),('178554656'),('178654125'),('178671523'),('178696954'),('178783647'),('178797473'),('178797914'),('178832156'),('179184668'),('179215139'),('179388717'),('179464918'),('179574479'),('179635644'),('179671974'),('179677411'),('179677851'),('181225149'),('181355613'),('181485468'),('181492743'),('181514447'),('181563694'),('181574684'),('181577726'),('181694794'),('181715976'),('181756748'),('181764966'),('181797211'),('181812568'),('181949615'),('181991793'),('181999428'),('182178414'),('182229667'),('182235359'),('182251717'),('182268571'),('182297394'),('182388334'),('182443553'),('182498767'),('182563477'),('182592483'),('182618551'),('182673812'),('182699659'),('182789249'),('182835275'),('182869214'),('182884153'),('182895394'),('183272717'),('183349968'),('183453252'),('183455536'),('183466265'),('183546287'),('183623347'),('183827643'),('184111537'),('184178633'),('184197392'),('184414688'),('184513649'),('184599959'),('184666623'),('184781175'),('184785683'),('184873925'),('184928195'),('185125845'),('185146627'),('185295588'),('185338449'),('185371469'),('185715737'),('185783286'),('185819291'),('185829523'),('185847795'),('185858341'),('185911268'),('185936975'),('185955152'),('185976331'),('185981522'),('185987968'),('185995137'),('185996746'),('186128732'),('186176492'),('186319884'),('186375937'),('186437851'),('186532943'),('186592853'),('187416368'),('187464596'),('187468416'),('187511685'),('187529636'),('187578163'),('187723424'),('187788289'),('187824876'),('187841448'),('187989868'),('188196176'),('188227668'),('188247536'),('188317983'),('188463236'),('188481497'),('188488191'),('188492862'),('188495211'),('188519763'),('188533468'),('188556923'),('188573524'),('188676746'),('188693695'),('188792222'),('188816422'),('188817962'),('188868811'),('189131391'),('189153179'),('189196287'),('189196346'),('189225152'),('189256846'),('189279576'),('189313765'),('189338324'),('189459873'),('189551242'),('189634289'),('189756516'),('189774913'),('189783237'),('189954162'),('191122894'),('191127459'),('191176242'),('191221792'),('191269175'),('191281378'),('191357262'),('191383434'),('191394464'),('191491143'),('191672999'),('191738686'),('191768915'),('191848347'),('191874583'),('191916667'),('191921599'),('191987869'),('192168611'),('192229432'),('192236224'),('192285332'),('192341749'),('192417661'),('192422186'),('192461295'),('192488277'),('192651272'),('192774453'),('192898365'),('192927791'),('192932716'),('192991492'),('192997824'),('193164115'),('193169927'),('193197712'),('193291569'),('193316827'),('193462472'),('193498115'),('193563295'),('193569854'),('193573655'),('193654554'),('193728621'),('193742255'),('193951882'),('194197511'),('194242771'),('194267934'),('194275283'),('194283975'),('194484912'),('194561968'),('194581352'),('194792495'),('194832246'),('194866323'),('194899339'),('194957145'),('194969576'),('195234989'),('195249672'),('195291683'),('195441651'),('195442981'),('195554649'),('195644283'),('195673145'),('195799574'),('195821346'),('195821741'),('195851215'),('195899353'),('195951685'),('196127982'),('196138896'),('196172121'),('196246982'),('196322269'),('196324834'),('196359881'),('196421698'),('196482375'),('196584979'),('196663859'),('196672657'),('196697953'),('196762535'),('196792829'),('196973976'),('196987985'),('197171788'),('197212757'),('197229785'),('197345293'),('197369686'),('197385639'),('197459531'),('197552153'),('197618477'),('197659679'),('197679958'),('197725558'),('197762679'),('197893974'),('197983888'),('197985655'),('197993177'),('198142727'),('198147862'),('198212322'),('198228838'),('198277748'),('198398167'),('198443299'),('198547391'),('198592113'),('198648782'),('198737235'),('198895995'),('198921238'),('198935865'),('198939481'),('198987136'),('199222658'),('199231693'),('199298816'),('199331117'),('199379752'),('199384195'),('199415233'),('199467751'),('199529771'),('199562352'),('199577368'),('199614674'),('199711483'),('199713752'),('199782684'),('199818114'),('199827272'),('199883694'),('199897349'),('211224446'),('211278773'),('211298197'),('211319871'),('211527639'),('211624439'),('211666519'),('211723867'),('211743162'),('211789196'),('211848324'),('211859828'),('211881876'),('211924518'),('212222794'),('212325685'),('212393229'),('212413844'),('212432292'),('212526632'),('212542547'),('212654161'),('212688916'),('212738862'),('212962283'),('212967444'),('213152463'),('213225749'),('213231751'),('213318653'),('213388298'),('213424984'),('213447879'),('213515916'),('213524666'),('213546221'),('213684576'),('213711249'),('213773726'),('213817422'),('214216412'),('214246733'),('214256335'),('214358981'),('214553919'),('214574541'),('214659412'),('214686245'),('214854974'),('214922629'),('214955918'),('214961425'),('215114612'),('215192272'),('215239835'),('215311211'),('215399393'),('215463227'),('215585136'),('215685322'),('215698924'),('215728473'),('215994146'),('215998555'),('216171855'),('216197542'),('216221865'),('216289249'),('216299559'),('216365858'),('216424848'),('216477278'),('216736665'),('216979599'),('217153569'),('217162925'),('217188944'),('217272685'),('217279243'),('217285658'),('217289425'),('217338912'),('217375259'),('217424458'),('217515198'),('217568971'),('217585494'),('217637793'),('217662674'),('217677638'),('217736645'),('217756718'),('217778315'),('217878493'),('217947165'),('218123933'),('218125939'),('218179313'),('218223453'),('218291577'),('218387365'),('218441332'),('218452365'),('218536179'),('218574829'),('218663123'),('218716175'),('218787895'),('218831391'),('218964892'),('219196844'),('219234364'),('219272966'),('219345174'),('219481633'),('219481756'),('219526132'),('219552369'),('219577188'),('219858589'),('219945855'),('219955121'),('219992563'),('221154563'),('221161585'),('221191455'),('221263276'),('221286958'),('221321761'),('221341297'),('221356719'),('221439686'),('221543431'),('221616933'),('221644662'),('221661273'),('221861536'),('222128146'),('222199844'),('222283518'),('222368223'),('222375695'),('222416212'),('222566336'),('222643935'),('222657485'),('222683723'),('222781568'),('222848261'),('222874124'),('222982244'),('223137796'),('223189887'),('223252143'),('223258878'),('223259799'),('223428257'),('223478971'),('223487974'),('223591862'),('223617578'),('223716449'),('223785294'),('223814681'),('223816279'),('223849224'),('223888855'),('223911394'),('224132318'),('224242236'),('224253457'),('224477934'),('224486448'),('224542263'),('224585821'),('224674646'),('224789174'),('224798639'),('224812817'),('224954668'),('224983628'),('224983874'),('225186655'),('225187217'),('225221198'),('225221334'),('225231478'),('225351368'),('225432373'),('225493125'),('225523297'),('225549547'),('225659516'),('225698213'),('225718625'),('225734862'),('225741935'),('225779284'),('225788918'),('225919672'),('225936856'),('226113494'),('226139227'),('226146728'),('226175528'),('226346856'),('226376337'),('226431279'),('226517856'),('226534166'),('226582322'),('226826753'),('226915914'),('226931432'),('226995931'),('227113729'),('227118911'),('227121323'),('227297585'),('227329834'),('227379725'),('227382665'),('227417488'),('227422547'),('227472149'),('227618628'),('227661314'),('227767447'),('227769728'),('227895171'),('228123465'),('228269394'),('228335296'),('228386577'),('228428113'),('228429135'),('228443671'),('228445138'),('228446974'),('228529615'),('228663898'),('228669531'),('228678278'),('228714874'),('228794841'),('228941333'),('228942423'),('228955784'),('229146364'),('229326872'),('229352726'),('229515594'),('229524243'),('229562463'),('229618245'),('229649478'),('229751957'),('229811926'),('229812272'),('229836137'),('229863737'),('229893832'),('229918721'),('229935182'),('229965727'),('231127587'),('231284662'),('231315811'),('231341786'),('231347397'),('231426453'),('231468878'),('231614748'),('231685685'),('231699854'),('231712872'),('231716731'),('231734479'),('231771859'),('231961437'),('232179344'),('232338692'),('232447899'),('232452995'),('232539258'),('232541846'),('232713484'),('232719317'),('232741792'),('232787216'),('232866646'),('232871333'),('232889843'),('232923523'),('232951337'),('233295159'),('233418275'),('233443111'),('233527665'),('233559333'),('233571228'),('233684872'),('233726967'),('233736416'),('233737895'),('233764372'),('233765976'),('233834357'),('233866685'),('234159972'),('234277824'),('234292614'),('234443117'),('234614883'),('234723277'),('234723748'),('234868532'),('235232117'),('235274666'),('235276654'),('235285774'),('235318374'),('235365567'),('235397377'),('235445949'),('235473757'),('235646152'),('235655558'),('235662237'),('235672623'),('235818663'),('235885495'),('235899273'),('236163695'),('236311972'),('236316347'),('236393898'),('236398775'),('236536996'),('236571485'),('236613723'),('236641792'),('236649699'),('236872787'),('237139183'),('237159554'),('237243857'),('237259418'),('237284145'),('237311925'),('237359415'),('237527599'),('237628765'),('237665467'),('237672268'),('237761878'),('237812729'),('237895895'),('238224627'),('238245325'),('238357893'),('238371742'),('238396811'),('238437349'),('238454513'),('238498944'),('238672887'),('238731949'),('238831167'),('238845722'),('238865411'),('238974277'),('238988572'),('239167459'),('239218966'),('239493495'),('239666656'),('239685414'),('239692997'),('239769137'),('239791524'),('239857971'),('239858527'),('239858561'),('239886415'),('239986636'),('239997528'),('241128857'),('241129294'),('241163673'),('241238764'),('241293217'),('241334771'),('241426591'),('241429593'),('241436697'),('241467643'),('241499664'),('241658816'),('241696464'),('241754199'),('241836552'),('241932298'),('241963678'),('241994444'),('242223158'),('242232899'),('242384269'),('242391298'),('242512569'),('242513224'),('242563742'),('242669661'),('242676982'),('242689746'),('242823646'),('242836238'),('242857372'),('242946973'),('242973518'),('243271569'),('243318953'),('243334888'),('243363243'),('243392599'),('243492587'),('243495538'),('243537431'),('243564412'),('243579477'),('243582168'),('243711339'),('243752187'),('243773872'),('243928141'),('243966359'),('243975838'),('244129356'),('244175539'),('244246896'),('244256334'),('244294467'),('244337858'),('244431842'),('244536912'),('244715717'),('244726498'),('244748663'),('244756488'),('244981256'),('244981991'),('245118155'),('245185598'),('245316777'),('245389339'),('245429494'),('245465387'),('245521884'),('245527344'),('245568886'),('245675123'),('245712157'),('245759522'),('245761417'),('245846324'),('245911862'),('245913427'),('245969981'),('245991519'),('246267664'),('246321815'),('246365242'),('246674631'),('246678792'),('246714347'),('246714792'),('246718395'),('246848297'),('246858261'),('246895285'),('246898127'),('246987165'),('247128541'),('247168656'),('247199392'),('247224712'),('247247918'),('247266853'),('247333219'),('247353628'),('247388229'),('247512186'),('247538852'),('247632181'),('247743468'),('247822267'),('247853535'),('247859478'),('247868518'),('247886898'),('247977889'),('248116961'),('248184695'),('248217783'),('248239564'),('248748373'),('248814739'),('248829428'),('248867561'),('249117647'),('249149597'),('249233873'),('249418584'),('249432134'),('249435797'),('249568219'),('249589113'),('249625542'),('249655896'),('249675946'),('249745323'),('249788433'),('249913589'),('251141329'),('251266211'),('251417258'),('251445177'),('251452983'),('251492852'),('251695181'),('251798682'),('251826376'),('252186397'),('252324843'),('252537978'),('252723132'),('252768266'),('252773552'),('252942734'),('252969725'),('252975213'),('253467427'),('253497233'),('253521141'),('253767728'),('253785762'),('253818894'),('253848576'),('253881643'),('253924351'),('253934525'),('253966583'),('254266862'),('254343739'),('254422117'),('254488524'),('254533952'),('254551979'),('254658785'),('254685541'),('254713796'),('254846926'),('254882671'),('254922748'),('255219999'),('255339315'),('255372491'),('255411626'),('255459852'),('255461692'),('255676678'),('255711396'),('255713596'),('256199531'),('256244298'),('256259373'),('256366652'),('256468298'),('256672384'),('256737987'),('256861587'),('256935371'),('256941478'),('256968565'),('256979315'),('257124695'),('257241228'),('257276997'),('257296254'),('257446712'),('257456771'),('257637147'),('257641433'),('257657149'),('257664452'),('257666784'),('257687666'),('257692256'),('257887735'),('257941122'),('257984124'),('258212774'),('258349686'),('258364768'),('258466312'),('258531668'),('258557829'),('258664182'),('258665766'),('258721595'),('258766996'),('259177674'),('259187397'),('259366499'),('259415824'),('259532597'),('259552559'),('259678834'),('259746552'),('259748657'),('259812433'),('259812959'),('259827994'),('259868528'),('259941949'),('261141491'),('261158133'),('261161437'),('261174966'),('261513829'),('261748991'),('261914748'),('261925653'),('261984262'),('262193996'),('262259844'),('262264742'),('262451773'),('262517935'),('262534538'),('262548564'),('262564481'),('262578775'),('262681628'),('262758848'),('262861573'),('262916639'),('262946346'),('262969879'),('263181211'),('263198384'),('263233161'),('263263995'),('263418137'),('263433415'),('263443193'),('263498727'),('263533874'),('263676157'),('263685959'),('263715394'),('263774411'),('263795711'),('263965712'),('263971518'),('264228429'),('264371872'),('264454178'),('264454319'),('264561746'),('264569473'),('264735481'),('264747738'),('264832649'),('264863281'),('264868632'),('264943191'),('264978849'),('265113181'),('265235437'),('265264149'),('265339695'),('265375781'),('265459591'),('265483228'),('265567897'),('265596463'),('265669852'),('265732476'),('265783832'),('265885668'),('265925534'),('266133574'),('266143895'),('266251415'),('266349136'),('266578755'),('266653374'),('266676749'),('266692633'),('266719749'),('266835938'),('266844869'),('266997886'),('267153564'),('267197427'),('267224168'),('267333788'),('267516233'),('267557568'),('267563452'),('267594633'),('267628152'),('267639946'),('267685377'),('267758886'),('267944496'),('267981459'),('268279753'),('268358928'),('268534721'),('268611775'),('268622298'),('268637288'),('268697711'),('268762443'),('268848842'),('269144985'),('269147244'),('269172277'),('269187493'),('269361538'),('269393338'),('269527469'),('269656742'),('269856251'),('271169223'),('271194912'),('271222449'),('271234864'),('271334426'),('271381349'),('271383526'),('271391579'),('271412449'),('271477571'),('271554748'),('271578897'),('271984812'),('272121267'),('272156598'),('272388474'),('272722428'),('272784241'),('272794818'),('272797533'),('272944856'),('273187821'),('273229571'),('273248792'),('273418255'),('273535521'),('273594971'),('273612436'),('273638769'),('273697336'),('273828276'),('273847198'),('273856264'),('273991411'),('273997564'),('274362626'),('274431939'),('274492744'),('274522316'),('274636469'),('274646488'),('274659864'),('274749761'),('274772943'),('274799353'),('274817728'),('274836233'),('274855996'),('274867498'),('274953562'),('274969236'),('274995513'),('275167596'),('275196233'),('275222293'),('275239473'),('275421455'),('275458348'),('275519661'),('275526552'),('275629831'),('275814571'),('276131326'),('276219212'),('276225729'),('276257667'),('276335197'),('276423628'),('276461865'),('276463145'),('276517415'),('276518128'),('276523477'),('276711289'),('276936868'),('276961454'),('277112511'),('277179577'),('277344691'),('277448731'),('277528224'),('277756262'),('277818234'),('277837937'),('277863441'),('277964898'),('277984597'),('278141692'),('278152723'),('278227788'),('278286771'),('278312172'),('278363873'),('278645425'),('278648313'),('278663795'),('278668252'),('278693776'),('278731237'),('278733174'),('278995589'),('279256973'),('279265397'),('279275643'),('279296684'),('279335853'),('279431689'),('279444386'),('279456959'),('279727486'),('279736587'),('279874399'),('279923274'),('279971732'),('281329441'),('281366895'),('281413597'),('281432698'),('281493916'),('281512911'),('281515254'),('281518119'),('281542345'),('281642458'),('281788616'),('281923314'),('282265983'),('282286891'),('282315622'),('282339392'),('282484775'),('282682257'),('282712499'),('282786452'),('282792638'),('282831279'),('282914831'),('282979152'),('283147771'),('283179566'),('283291648'),('283353426'),('283424123'),('283444212'),('283536314'),('283556534'),('283592649'),('283621856'),('283657564'),('283662166'),('283683761'),('283764612'),('283768787'),('283786671'),('284157547'),('284174352'),('284199586'),('284327456'),('284369927'),('284376472'),('284381978'),('284387681'),('284473876'),('284482814'),('284493768'),('284588347'),('284662871'),('284935564'),('284981798'),('285262417'),('285264648'),('285316528'),('285321859'),('285353978'),('285487138'),('285513586'),('285645775'),('285845496'),('285871387'),('285963186'),('285986997'),('286126822'),('286189411'),('286296981'),('286577284'),('286697686'),('286881159'),('286979676'),('286993457'),('287144737'),('287278548'),('287293613'),('287297948'),('287375214'),('287459945'),('287556341'),('287594447'),('287661998'),('287727831'),('287761425'),('287766646'),('287814364'),('287826341'),('287879463'),('287898512'),('287935111'),('287943726'),('287966869'),('287982451'),('288259348'),('288311446'),('288326856'),('288479673'),('288511864'),('288614686'),('288734461'),('288738126'),('288739498'),('288937277'),('289117827'),('289151662'),('289181259'),('289232742'),('289253636'),('289336423'),('289379511'),('289463634'),('289581987'),('289684144'),('289768781'),('289781379'),('289782596'),('289832119'),('289853379'),('289928722'),('289979538'),('291117114'),('291144585'),('291276695'),('291332226'),('291385685'),('291578233'),('291579179'),('291749496'),('291915277'),('291916535'),('291919167'),('291941343'),('291948542'),('292127789'),('292134835'),('292147169'),('292151253'),('292155269'),('292195821'),('292278597'),('292297951'),('292334424'),('292432341'),('292471952'),('292481572'),('292487738'),('292498656'),('292594319'),('292739872'),('292923944'),('292931949'),('292963496'),('292975573'),('293132948'),('293154798'),('293191269'),('293218721'),('293248184'),('293374265'),('293422795'),('293515555'),('293583452'),('293782989'),('293796343'),('293846814'),('293857442'),('293965117'),('294124546'),('294154815'),('294157925'),('294214711'),('294225158'),('294235825'),('294539592'),('294567647'),('294594977'),('294699341'),('294711271'),('294732915'),('294787937'),('294788497'),('294896574'),('294933532'),('295147344'),('295178815'),('295296549'),('295616921'),('295633624'),('295667776'),('295826829'),('295993125'),('296149196'),('296171657'),('296174311'),('296233616'),('296234268'),('296246738'),('296362629'),('296433725'),('296438787'),('296559841'),('296586362'),('296674724'),('296713422'),('296795338'),('296874583'),('297158944'),('297174182'),('297181942'),('297219617'),('297315228'),('297371927'),('297386327'),('297392884'),('297397491'),('297518835'),('297546878'),('297586468'),('297594742'),('297625446'),('297628584'),('297756156'),('297829754'),('297842435'),('297846775'),('297848653'),('297869275'),('297877842'),('297881774'),('297911244'),('297933823'),('298134649'),('298154822'),('298158373'),('298315171'),('298377344'),('298387882'),('298528121'),('298528698'),('298544548'),('298575536'),('298615639'),('298615947'),('298621244'),('298622512'),('298677268'),('298748114'),('298824123'),('298828376'),('298863285'),('298921572'),('298941494'),('299118389'),('299235345'),('299242481'),('299253737'),('299365639'),('299417768'),('299565821'),('299645175'),('299686771'),('299693925'),('311212283'),('311284871'),('311312395'),('311349735'),('311397451'),('311476449'),('311479947'),('311493998'),('311759148'),('311791523'),('311828842'),('311851424'),('312195942'),('312274376'),('312354927'),('312433414'),('312611561'),('312684469'),('312824325'),('312891286'),('312966431'),('313124643'),('313125858'),('313214917'),('313244634'),('313292491'),('313325996'),('313387162'),('313787854'),('313853358'),('313924181'),('313932135'),('313973781'),('314144549'),('314465427'),('314485453'),('314617966'),('314668278'),('314715962'),('314891468'),('314979912'),('314982928'),('314988778'),('315128154'),('315154585'),('315188517'),('315371249'),('315486872'),('315719875'),('315726688'),('315738888'),('315822147'),('316287866'),('316416479'),('316427179'),('316445386'),('316499591'),('316534868'),('316549786'),('316553318'),('316565482'),('316593181'),('316666875'),('316714996'),('316746311'),('316762511'),('316834928'),('316861537'),('316938267'),('316972474'),('316977175'),('317164761'),('317273596'),('317311138'),('317364641'),('317384253'),('317414874'),('317432359'),('317435278'),('317453169'),('317872331'),('317876881'),('317877174'),('317961284'),('318228582'),('318371855'),('318373329'),('318457224'),('318497878'),('318532124'),('318557878'),('318712226'),('318731318'),('318811847'),('318978618'),('319122194'),('319175834'),('319241925'),('319278182'),('319278593'),('319326875'),('319394877'),('319436954'),('319514594'),('319576711'),('319587617'),('319721121'),('319751882'),('319967932'),('321177831'),('321186647'),('321187774'),('321348968'),('321375822'),('321376184'),('321738743'),('321748935'),('321853657'),('321874454'),('321998277'),('322123491'),('322127279'),('322271755'),('322292556'),('322382918'),('322388775'),('322451386'),('322455326'),('322561658'),('322568128'),('322674967'),('322689724'),('322721214'),('322745329'),('322836461'),('322843112'),('322911828'),('322945688'),('323138344'),('323262174'),('323342672'),('323372414'),('323428111'),('323433327'),('323479436'),('323519561'),('323631148'),('323652669'),('323696177'),('323698274'),('323745759'),('323754444'),('323765123'),('323783342'),('323789252'),('323795566'),('323941522'),('323944655'),('323972556'),('324127266'),('324142887'),('324317383'),('324326696'),('324411376'),('324452233'),('324468581'),('324493554'),('324516156'),('324523297'),('324611198'),('324821493'),('324854937'),('324927521'),('324965168'),('324974671'),('324976321'),('325111192'),('325165874'),('325346786'),('325433719'),('325439977'),('325445631'),('325447547'),('325449378'),('325664584'),('325679771'),('325759438'),('325853715'),('326152246'),('326175665'),('326222134'),('326237384'),('326384927'),('326387967'),('326416998'),('326493898'),('326513294'),('326524258'),('326551442'),('326557536'),('326577254'),('326645476'),('326797647'),('326994649'),('327112491'),('327342594'),('327515979'),('327537762'),('327546672'),('327581342'),('327632587'),('327728343'),('327745562'),('327772129'),('327776325'),('327784783'),('327893614'),('327896793'),('327911689'),('328124561'),('328365769'),('328416424'),('328498356'),('328513428'),('328518597'),('328635593'),('328715314'),('328724537'),('328728919'),('328747567'),('328751111'),('328789389'),('328867291'),('329258753'),('329458986'),('329586713'),('329642487'),('329657423'),('329658674'),('329787795'),('329791283'),('329836598'),('329867311'),('329878899'),('329988254'),('329989783'),('331133538'),('331158632'),('331182753'),('331223932'),('331278499'),('331371984'),('331417714'),('331831991'),('331875344'),('331893232'),('331894739'),('332134978'),('332213892'),('332217879'),('332295891'),('332297697'),('332346189'),('332439688'),('332494357'),('332526215'),('332576113'),('332585579'),('332585738'),('332645467'),('332715546'),('332716329'),('332719461'),('332742189'),('332851437'),('332979613'),('333119656'),('333137678'),('333258756'),('333283785'),('333295181'),('333589277'),('333599186'),('333677641'),('333785752'),('333889955'),('333929524'),('333944324'),('334119183'),('334121112'),('334229983'),('334257541'),('334281591'),('334299221'),('334362922'),('334385574'),('334492344'),('334519918'),('334589727'),('334649635'),('334711194'),('334719955'),('334739936'),('334799341'),('334829949'),('334838322'),('334875649'),('334991631'),('335183873'),('335248253'),('335254698'),('335343526'),('335387839'),('335416687'),('335424896'),('335523699'),('335534896'),('335595823'),('335615877'),('335657817'),('335757172'),('335815361'),('335877564'),('335898121'),('335993817'),('336235159'),('336244916'),('336267319'),('336288626'),('336318982'),('336338277'),('336512343'),('336587158'),('336621164'),('336624636'),('336674129'),('336735958'),('336745193'),('336813344'),('336858655'),('336958478'),('337111273'),('337212388'),('337581788'),('337598736'),('337667326'),('337768929'),('337845241'),('337849671'),('337975155'),('338122197'),('338126673'),('338169178'),('338219598'),('338251833'),('338352457'),('338494327'),('338615636'),('338679632'),('338767377'),('338773512'),('338857536'),('338875888'),('338965991'),('338977954'),('339169969'),('339374226'),('339378773'),('339384838'),('339389488'),('339422716'),('339465336'),('339624633'),('339657365'),('339764332'),('339813672'),('339842159'),('339853757'),('339933832'),('339985272'),('341134681'),('341138989'),('341212968'),('341274834'),('341372677'),('341577131'),('341666293'),('341686723'),('341732569'),('341759333'),('341899765'),('341996636'),('342141455'),('342354938'),('342381574'),('342452128'),('342542145'),('342727957'),('342738283'),('342775847'),('342789622'),('342819321'),('342856459'),('342952581'),('342975813'),('343136113'),('343166172'),('343222781'),('343374111'),('343449641'),('343591263'),('343662422'),('343669726'),('343923715'),('344221117'),('344224817'),('344231957'),('344238658'),('344352821'),('344358244'),('344396168'),('344534135'),('344542795'),('344546173'),('344569362'),('344634612'),('344642173'),('344659959'),('344725712'),('344777514'),('344817223'),('344972729'),('344972855'),('344988572'),('345128421'),('345321811'),('345387143'),('345571198'),('345616368'),('345664221'),('345672111'),('345681481'),('345722776'),('345833531'),('345884337'),('345886825'),('345927636'),('345993892'),('346157511'),('346225315'),('346236435'),('346238533'),('346263342'),('346265262'),('346282439'),('346351714'),('346376555'),('346397658'),('346436739'),('346454943'),('346458774'),('346464364'),('346638379'),('346641395'),('346679547'),('346687618'),('346688146'),('346846419'),('346889238'),('347125428'),('347172191'),('347197685'),('347261262'),('347277125'),('347287111'),('347338275'),('347362737'),('347492141'),('347495114'),('347514715'),('347561119'),('347595271'),('347611841'),('347728571'),('347983374'),('348111658'),('348186192'),('348186492'),('348259258'),('348264517'),('348382825'),('348386263'),('348425538'),('348457115'),('348459761'),('348484496'),('348534384'),('348562138'),('348633566'),('348684233'),('348713767'),('348847312'),('349199251'),('349337855'),('349352179'),('349353947'),('349421491'),('349495366'),('349533446'),('349555954'),('349679931'),('349691982'),('349738673'),('349813677'),('349926281'),('351134178'),('351135814'),('351217622'),('351346341'),('351438593'),('351445324'),('351464122'),('351542824'),('351663763'),('351683178'),('351857142'),('352158826'),('352234782'),('352326257'),('352839556'),('353128226'),('353167478'),('353176153'),('353258765'),('353275287'),('353453425'),('353487772'),('353546578'),('353559495'),('353572941'),('353579671'),('353586178'),('353654847'),('353713745'),('353747162'),('353759584'),('353871821'),('353948461'),('354247886'),('354251236'),('354391657'),('354549895'),('354565734'),('354587592'),('354799146'),('354836335'),('354898913'),('354899447'),('354958599'),('354964325'),('355116578'),('355237679'),('355248845'),('355266476'),('355271446'),('355545178'),('355591484'),('355598139'),('355638545'),('355768472'),('355786467'),('355811749'),('355973364'),('356232143'),('356295489'),('356297365'),('356329944'),('356366939'),('356376356'),('356383966'),('356479145'),('356537467'),('356695946'),('356742777'),('356864843'),('356864912'),('356944479'),('357178176'),('357191452'),('357229167'),('357348819'),('357479617'),('357525532'),('357539884'),('357734114'),('357799334'),('357852614'),('358112976'),('358196285'),('358247833'),('358342792'),('358372885'),('358396591'),('358429316'),('358466788'),('358582211'),('358669987'),('358729915'),('358846312'),('358848354'),('358864494'),('358942586'),('359166598'),('359183431'),('359268144'),('359328415'),('359377432'),('359498615'),('359573889'),('359692333'),('359744244'),('361245122'),('361281537'),('361346783'),('361388365'),('361391394'),('361413457'),('361443342'),('361661277'),('361789983'),('361888952'),('361954698'),('361956161'),('361997268'),('362111613'),('362117492'),('362161273'),('362172959'),('362357151'),('362375449'),('362671264'),('362772588'),('362773582'),('362783839'),('362855853'),('362921583'),('362989252'),('363191376'),('363248948'),('363266366'),('363315429'),('363416252'),('363426417'),('363429295'),('363568292'),('363588912'),('363746488'),('363971185'),('364128487'),('364193976'),('364263768'),('364325426'),('364377134'),('364395136'),('364499286'),('364563449'),('364629846'),('364735149'),('364841595'),('364986238'),('364993667'),('365123971'),('365231724'),('365285996'),('365368982'),('365516599'),('365562826'),('365572456'),('365595162'),('365752361'),('365817729'),('365833496'),('365896251'),('366156991'),('366323787'),('366331839'),('366382663'),('366384337'),('366567966'),('366625569'),('366687967'),('366717862'),('366743279'),('366812397'),('366883232'),('366885361'),('366913315'),('367175468'),('367275465'),('367292987'),('367524771'),('367568134'),('367655287'),('367797663'),('367924347'),('367938343'),('367971146'),('367989615'),('368175188'),('368196469'),('368262225'),('368312475'),('368337537'),('368342777'),('368347574'),('368366562'),('368429441'),('368452745'),('368513654'),('368557832'),('368713196'),('368851266'),('368928637'),('369274136'),('369366136'),('369388138'),('369554247'),('369621733'),('369655714'),('369844699'),('369955167'),('371457445'),('371547778'),('371575666'),('371579487'),('371582561'),('371615929'),('371723771'),('371743484'),('371799345'),('371848464'),('371857442'),('372152573'),('372221651'),('372283567'),('372483341'),('372494568'),('372495654'),('372585278'),('372593942'),('372626166'),('372767879'),('372793223'),('372939755'),('372956464'),('372981687'),('373152951'),('373186749'),('373224193'),('373245838'),('373268293'),('373328549'),('373356672'),('373357181'),('373472972'),('373518595'),('373539812'),('373639673'),('373849433'),('373997114'),('374186512'),('374251815'),('374252688'),('374322283'),('374364152'),('374653819'),('374687284'),('374849433'),('374856964'),('374873413'),('374882136'),('375254134'),('375266114'),('375271342'),('375293237'),('375353184'),('375498249'),('375615316'),('375664258'),('375674644'),('375867973'),('375943176'),('376278119'),('376283912'),('376477622'),('376535915'),('376564856'),('376568356'),('376615997'),('376618417'),('376621925'),('376675472'),('376725588'),('376727777'),('376752193'),('376758467'),('376774616'),('376931158'),('376932194'),('377275519'),('377289735'),('377319775'),('377346817'),('377472395'),('377475222'),('377511215'),('377528951'),('377585366'),('377664485'),('377668636'),('377691988'),('377736154'),('377762881'),('377779974'),('377956894'),('378193612'),('378252795'),('378316161'),('378334822'),('378361758'),('378463778'),('378535518'),('378622365'),('378669479'),('378686898'),('378832198'),('378838495'),('378858397'),('378865371'),('378943339'),('378958985'),('379168193'),('379251681'),('379278296'),('379724839'),('379859347'),('379865241'),('379921847'),('379968579'),('379992146'),('381131549'),('381175653'),('381266312'),('381266723'),('381272671'),('381366316'),('381436859'),('381522389'),('381714876'),('381976768'),('381997237'),('382131845'),('382214465'),('382227472'),('382337746'),('382419228'),('382433175'),('382451516'),('382463599'),('382464769'),('382518888'),('382582447'),('382652848'),('382698562'),('382765817'),('382834515'),('382918683'),('382949165'),('382982728'),('383251156'),('383378588'),('383512694'),('383549622'),('383578981'),('383681648'),('383714981'),('383834725'),('383852653'),('383854434'),('383916548'),('383927338'),('383949518'),('383975854'),('384216821'),('384352787'),('384397424'),('384424365'),('384458636'),('384491782'),('384517838'),('384569738'),('384716739'),('384788196'),('384964483'),('384982796'),('385119482'),('385149579'),('385197612'),('385213391'),('385235654'),('385255348'),('385318115'),('385429978'),('385487348'),('385531722'),('385532868'),('385713126'),('385734459'),('385766282'),('385781928'),('385943485'),('386153751'),('386356151'),('386372548'),('386466129'),('386519986'),('386567984'),('386645367'),('386653216'),('386794143'),('386884866'),('386893799'),('386912635'),('386975393'),('387118229'),('387197788'),('387219988'),('387292364'),('387293173'),('387487672'),('387569969'),('387643431'),('387721648'),('387777544'),('387828791'),('387845121'),('387872513'),('387981821'),('387995661'),('388257886'),('388279194'),('388294548'),('388324574'),('388369265'),('388493556'),('388574411'),('388597274'),('388725498'),('388778377'),('388815123'),('388861547'),('388864648'),('388865147'),('388966262'),('388979992'),('389134463'),('389297276'),('389314832'),('389428756'),('389457373'),('389535222'),('389556962'),('389591144'),('389593283'),('389599522'),('389626786'),('389774265'),('389789284'),('389845882'),('389864263'),('389868187'),('389948268'),('391217522'),('391224522'),('391373232'),('391429824'),('391564119'),('391758496'),('391771281'),('391787982'),('391839277'),('391878199'),('391887725'),('391973956'),('392238325'),('392264432'),('392318179'),('392465347'),('392569557'),('392612783'),('392642325'),('392751731'),('393111848'),('393147586'),('393214997'),('393435223'),('393465658'),('393584612'),('393644916'),('393645756'),('393674268'),('393746573'),('393762476'),('393798951'),('393881435'),('393893744'),('394167249'),('394242347'),('394348316'),('394391939'),('394479995'),('394521685'),('394624454'),('394634971'),('394657318'),('394731269'),('394776116'),('394875718'),('395122954'),('395131776'),('395376926'),('395443924'),('395482366'),('395526948'),('395547319'),('395618515'),('395634226'),('395657524'),('395761111'),('395796975'),('395923293'),('395952889'),('396419757'),('396454798'),('396478981'),('396481963'),('396537918'),('396587761'),('396592659'),('396594341'),('396822492'),('397237118'),('397253449'),('397335974'),('397343539'),('397358541'),('397372842'),('397457342'),('397671915'),('397681367'),('397712622'),('397962137'),('397964214'),('398135456'),('398222169'),('398312936'),('398358963'),('398465454'),('398475726'),('398532175'),('398544942'),('398655764'),('398655858'),('398669921'),('398671994'),('398677656'),('398783949'),('398874145'),('398954511'),('398991867'),('399139234'),('399259525'),('399329684'),('399365674'),('399389726'),('399464693'),('399552639'),('399557634'),('399566154'),('399624319'),('399698149'),('399784162'),('399886958'),('411128397'),('411151862'),('411151927'),('411176538'),('411256249'),('411257983'),('411429684'),('411573994'),('411824573'),('411843351'),('411878394'),('411899441'),('411983257'),('412142894'),('412237828'),('412258331'),('412262291'),('412481494'),('412481637'),('412492552'),('412531758'),('412565557'),('412651679'),('412699662'),('412797989'),('412834955'),('412846613'),('412926482'),('413122891'),('413261723'),('413285232'),('413286911'),('413322327'),('413415695'),('413477376'),('413515143'),('413535598'),('413549844'),('413577635'),('413594539'),('413621771'),('413625362'),('413626148'),('413658468'),('413676884'),('413678266'),('413858763'),('413972592'),('413976724'),('414128982'),('414178942'),('414243534'),('414244876'),('414281623'),('414287957'),('414463937'),('414623856'),('414699552'),('414788337'),('414914368'),('415123471'),('415216491'),('415285987'),('415339745'),('415369743'),('415586189'),('415621641'),('415686343'),('415762168'),('415866896'),('415885991'),('415947675'),('416144411'),('416148315'),('416195119'),('416223773'),('416356381'),('416364681'),('416394731'),('416456219'),('416469542'),('416516851'),('416579845'),('416644947'),('416647449'),('416699988'),('416724425'),('416789749'),('416869417'),('416956518'),('417113362'),('417163186'),('417358763'),('417414968'),('417512735'),('417554228'),('417571844'),('417581665'),('417587278'),('417672588'),('417715757'),('417782692'),('417826963'),('417827271'),('417859239'),('417883414'),('417925214'),('417997584'),('418345115'),('418395968'),('418443732'),('418485578'),('418533547'),('418633633'),('418653496'),('418659563'),('418717356'),('418738126'),('418745136'),('418773686'),('418821553'),('418864815'),('418975913'),('419121121'),('419338755'),('419372486'),('419387395'),('419389786'),('419468735'),('419493899'),('419497137'),('419588747'),('419641966'),('419659397'),('419718439'),('419724991'),('419798641'),('419938545'),('421174924'),('421229544'),('421449523'),('421583298'),('421642978'),('421685465'),('421838296'),('421915636'),('421917395'),('421991369'),('421999477'),('422111937'),('422153944'),('422226297'),('422248278'),('422346228'),('422394142'),('422398856'),('422448398'),('422785592'),('422791841'),('422857433'),('422873714'),('422875133'),('422875831'),('422925283'),('423171981'),('423253786'),('423319173'),('423419173'),('423525414'),('423745925'),('423768914'),('423822528'),('423823269'),('423957649'),('423996621'),('424124752'),('424133767'),('424273128'),('424291169'),('424497521'),('424693547'),('424714482'),('424717325'),('424783694'),('424862111'),('424873175'),('424924271'),('424963151'),('424965426'),('424977791'),('425113345'),('425172752'),('425247218'),('425249125'),('425273236'),('425312896'),('425382884'),('425434681'),('425458318'),('425491125'),('425592916'),('425637349'),('425677313'),('426246556'),('426294318'),('426384379'),('426384876'),('426669393'),('426727832'),('426729229'),('426749435'),('426784496'),('426857333'),('426891445'),('426948145'),('426988524'),('427135375'),('427142289'),('427223972'),('427256815'),('427265839'),('427267826'),('427447421'),('427457342'),('427544157'),('427667921'),('427716257'),('427742127'),('427825566'),('427892887'),('427954852'),('427969518'),('427984274'),('427989828'),('428254114'),('428274767'),('428323126'),('428337616'),('428563124'),('428636438'),('428664554'),('428954911'),('428998725'),('429183448'),('429199287'),('429223154'),('429277293'),('429352771'),('429363214'),('429448784'),('429479256'),('429482671'),('429512587'),('429525395'),('429527249'),('429549412'),('429569833'),('429673955'),('429893439'),('429893963'),('429942598'),('431136215'),('431164789'),('431185273'),('431223144'),('431223426'),('431294382'),('431325675'),('431379611'),('431414485'),('431517888'),('431747879'),('431756198'),('431788388'),('432132567'),('432149299'),('432232797'),('432285172'),('432627635'),('432743344'),('432756462'),('432793864'),('432836941'),('432845383'),('432876759'),('432955178'),('432974816'),('432997514'),('433214525'),('433529236'),('433575411'),('433662457'),('433824143'),('433833847'),('433899989'),('433914513'),('433923362'),('434122762'),('434133467'),('434186117'),('434373666'),('434376466'),('434384857'),('434411234'),('434452418'),('434469699'),('434587333'),('434597212'),('434628494'),('434692725'),('434735991'),('434839633'),('434882762'),('434927182'),('435172567'),('435184997'),('435218339'),('435316328'),('435349924'),('435458894'),('435467598'),('435492617'),('435516776'),('435558143'),('435569318'),('435619776'),('435643118'),('435666846'),('435824562'),('435879826'),('435917449'),('436128953'),('436135142'),('436254735'),('436298544'),('436348725'),('436358963'),('436377551'),('436472434'),('436522898'),('436577561'),('436649163'),('436898272'),('437224971'),('437294698'),('437542858'),('437717281'),('437751883'),('437848466'),('437966464'),('438127475'),('438135865'),('438163427'),('438224482'),('438285194'),('438565697'),('438641692'),('438738645'),('438756279'),('438811699'),('438946222'),('439247995'),('439294922'),('439366989'),('439389596'),('439451919'),('439459282'),('439628419'),('439668661'),('439678722'),('439734116'),('439737967'),('439783497'),('439889135'),('439935632'),('439972969'),('441186937'),('441282277'),('441286286'),('441287184'),('441373537'),('441411111'),('441432934'),('441458364'),('441476135'),('441778897'),('441841893'),('441948599'),('441992745'),('442126532'),('442315559'),('442321451'),('442356677'),('442374375'),('442458335'),('442528465'),('442617323'),('442877192'),('442878437'),('442915678'),('442955262'),('442963971'),('443172387'),('443221679'),('443231829'),('443297196'),('443477682'),('443478536'),('443512913'),('443515555'),('443718596'),('443724574'),('443779595'),('443821641'),('443918166'),('443989649'),('444114489'),('444232342'),('444276976'),('444314288'),('444318344'),('444392463'),('444626861'),('444654622'),('444682726'),('444716692'),('444821988'),('445115241'),('445167682'),('445217923'),('445344954'),('445391424'),('445396692'),('445487933'),('445597935'),('445623357'),('445641817'),('445973312'),('446127827'),('446152326'),('446163896'),('446235786'),('446256586'),('446295992'),('446378689'),('446415884'),('446475767'),('446518352'),('446526176'),('446779237'),('446814837'),('446824278'),('446877393'),('446953978'),('446958751'),('446963667'),('447149544'),('447199232'),('447265717'),('447277989'),('447285383'),('447468776'),('447538623'),('447613613'),('447622192'),('447754136'),('447797354'),('447818715'),('447873524'),('447899488'),('447996999'),('448171376'),('448317915'),('448349138'),('448362311'),('448452553'),('448541696'),('448547792'),('448628962'),('448658252'),('448659925'),('448677956'),('448685679'),('448746218'),('448833646'),('448866145'),('448882226'),('448916781'),('448919499'),('448951737'),('449131952'),('449243355'),('449255681'),('449472669'),('449528369'),('449556961'),('449585573'),('449594378'),('449677342'),('449726154'),('449846626'),('449847263'),('449958833'),('451235461'),('451522229'),('451573265'),('451675718'),('451682536'),('451711849'),('451729775'),('451874461'),('452152926'),('452225234'),('452275898'),('452284173'),('452391787'),('452445213'),('452449882'),('452553996'),('452854942'),('452883127'),('452898897'),('452929189'),('452936725'),('453246381'),('453421894'),('453444628'),('453453533'),('453475878'),('453495391'),('453619367'),('453626434'),('453657913'),('453796592'),('453818482'),('453893724'),('453899117'),('453899372'),('454132887'),('454214181'),('454216454'),('454234643'),('454379153'),('454454383'),('454481917'),('454544614'),('454545859'),('454564141'),('454581351'),('454596445'),('454696666'),('454714933'),('454774684'),('454945539'),('454949847'),('454983252'),('455112953'),('455179536'),('455278811'),('455285573'),('455369886'),('455425559'),('455459251'),('455658252'),('455744895'),('455887349'),('455888952'),('455983627'),('455999955'),('456127729'),('456192682'),('456192825'),('456242213'),('456358611'),('456412899'),('456429749'),('456443777'),('456563452'),('456667814'),('456725361'),('456777283'),('456881782'),('456898293'),('456898876'),('457115728'),('457253362'),('457273592'),('457294525'),('457335312'),('457598617'),('457615574'),('457732392'),('457782163'),('457898643'),('457994261'),('458239453'),('458389322'),('458465662'),('458477644'),('458612912'),('458672391'),('458857291'),('458968117'),('459192631'),('459221563'),('459513324'),('459594575'),('459656727'),('459657216'),('459664227'),('459679738'),('459878423'),('459879496'),('459951786'),('461224986'),('461415752'),('461532916'),('461566721'),('461624229'),('461643364'),('461643473'),('461711727'),('461736673'),('461813434'),('461834677'),('461842591'),('461867913'),('461871767'),('461881921'),('462178712'),('462191737'),('462218235'),('462337136'),('462348214'),('462357332'),('462511119'),('462562773'),('462613625'),('462672328'),('462681538'),('462775314'),('462781286'),('462972755'),('462973979'),('463175925'),('463178698'),('463189676'),('463193246'),('463218268'),('463285371'),('463345765'),('463519992'),('463524993'),('463584455'),('463621843'),('463979887'),('464138286'),('464145431'),('464174931'),('464229484'),('464332816'),('464384641'),('464498844'),('464565349'),('464571184'),('464637761'),('464717226'),('464717625'),('464771335'),('464855658'),('465318163'),('465335265'),('465451284'),('465482378'),('465499795'),('465536383'),('465573124'),('465867923'),('465929924'),('465999195'),('466123639'),('466176376'),('466187635'),('466281128'),('466329521'),('466335643'),('466419874'),('466423848'),('466531191'),('466541391'),('466552634'),('466582611'),('466585473'),('466618556'),('466665698'),('466695976'),('466712649'),('466746412'),('466838638'),('466867631'),('466881298'),('466919899'),('467118988'),('467149438'),('467249769'),('467264659'),('467325448'),('467335152'),('467345149'),('467433567'),('467468655'),('467515679'),('467744518'),('467758928'),('467813635'),('467839339'),('467924437'),('467951144'),('468176127'),('468277781'),('468374141'),('468423185'),('468424212'),('468545658'),('468558178'),('468661724'),('468694184'),('468722453'),('468792442'),('468851529'),('468925227'),('468964736'),('469218743'),('469254924'),('469265273'),('469345826'),('469354243'),('469399826'),('469667318'),('469716916'),('469731487'),('469842481'),('469937335'),('469966346'),('471149726'),('471159629'),('471166793'),('471355182'),('471471424'),('471678546'),('471714429'),('471833463'),('471842893'),('471959979'),('471978188'),('472118883'),('472128462'),('472258181'),('472298647'),('472389626'),('472411728'),('472491846'),('472545125'),('472642656'),('472756581'),('472918464'),('472943967'),('473113199'),('473153193'),('473167834'),('473323542'),('473324823'),('473355489'),('473368337'),('473426878'),('473488477'),('473558532'),('473619375'),('473673627'),('473682395'),('473763813'),('473826289'),('473896395'),('474132687'),('474221958'),('474321374'),('474327756'),('474333663'),('474389919'),('474424534'),('474528412'),('474643937'),('474731745'),('474789142'),('474893288'),('475147519'),('475159945'),('475258666'),('475259717'),('475273369'),('475315546'),('475348111'),('475578131'),('475638449'),('475654165'),('475687488'),('475774722'),('475787381'),('475831987'),('475928629'),('475951286'),('476222684'),('476421786'),('476454212'),('476472326'),('476487299'),('476511487'),('476529945'),('476664278'),('476699654'),('476878465'),('476919393'),('476972623'),('476976748'),('477148736'),('477173313'),('477215547'),('477239939'),('477273961'),('477347659'),('477444746'),('477478484'),('477527879'),('477539751'),('477592473'),('477648685'),('477694772'),('477746518'),('477817688'),('477941551'),('477985471'),('478184587'),('478219527'),('478284493'),('478291327'),('478339357'),('478411915'),('478464748'),('478542878'),('478548291'),('478613334'),('478693143'),('478789419'),('478873932'),('478898895'),('478953939'),('479158686'),('479265922'),('479328887'),('479359859'),('479423319'),('479473887'),('479797159'),('479859875'),('479881525'),('479888997'),('479889383'),('479948447'),('481136893'),('481169352'),('481341186'),('481344263'),('481416341'),('481452567'),('481482198'),('481526923'),('481535494'),('481771856'),('481795372'),('481864643'),('481923986'),('482365949'),('482368525'),('482393957'),('482729173'),('482752242'),('482789775'),('482894288'),('482959711'),('482982121'),('483124263'),('483178274'),('483278353'),('483288782'),('483294459'),('483341545'),('483371744'),('483395723'),('483452159'),('483462765'),('483548479'),('483689879'),('483711419'),('483756753'),('483842374'),('484151742'),('484256379'),('484294448'),('484437292'),('484437899'),('484532772'),('484587114'),('484648618'),('484795373'),('484836347'),('484838614'),('484847791'),('484872329'),('484897312'),('484985124'),('484987715'),('484993349'),('485112842'),('485118931'),('485214392'),('485283677'),('485421381'),('485487399'),('485579567'),('485674147'),('485718893'),('485728417'),('485746661'),('485761168'),('485779753'),('485793729'),('485816695'),('485948825'),('485962745'),('486219221'),('486228237'),('486257615'),('486286726'),('486379216'),('486462543'),('486578132'),('486632419'),('486753258'),('486763869'),('486774436'),('486793544'),('486858322'),('487186913'),('487212142'),('487234475'),('487333377'),('487381889'),('487441276'),('487641679'),('487723512'),('487844615'),('487874147'),('487875459'),('487984999'),('488297791'),('488321554'),('488347299'),('488426651'),('488433698'),('488453755'),('488528412'),('488662193'),('488664648'),('488767996'),('488812977'),('488861864'),('488921896'),('488939743'),('489118572'),('489157776'),('489184961'),('489398994'),('489514969'),('489526235'),('489562551'),('489676554'),('489713351'),('489768713'),('489797239'),('489847882'),('489991273'),('491116262'),('491212846'),('491237939'),('491331882'),('491339682'),('491378136'),('491567649'),('491582378'),('491751585'),('491758743'),('491924334'),('491958343'),('491958725'),('491966328'),('492233397'),('492323897'),('492335191'),('492363119'),('492431822'),('492533237'),('492549613'),('492657841'),('492851868'),('492886649'),('492948998'),('492985888'),('493156579'),('493179159'),('493236855'),('493261428'),('493273232'),('493297232'),('493426212'),('493493377'),('493652193'),('494137719'),('494229234'),('494235937'),('494272468'),('494337684'),('494388747'),('494389678'),('494416513'),('494431823'),('494482161'),('494565339'),('494681669'),('494714781'),('494772833'),('495139352'),('495157353'),('495157785'),('495169616'),('495186667'),('495232226'),('495351867'),('495481925'),('495485128'),('495565366'),('495571685'),('495723649'),('495774827'),('495875479'),('495879888'),('495881318'),('495895226'),('495926772'),('496152793'),('496163814'),('496164998'),('496269436'),('496316974'),('496363589'),('496465241'),('496613213'),('496628592'),('496717554'),('496744345'),('496751852'),('496951356'),('497125738'),('497152277'),('497176188'),('497296395'),('497321738'),('497398192'),('497428746'),('497447957'),('497551682'),('497567144'),('497685476'),('497696195'),('497789296'),('497942677'),('498142547'),('498231129'),('498234343'),('498284251'),('498292874'),('498344471'),('498458834'),('498462688'),('498495852'),('498554485'),('498637729'),('498652876'),('498851451'),('498888512'),('498919227'),('498924597'),('498955518'),('499212836'),('499213567'),('499217775'),('499229337'),('499364513'),('499413221'),('499434353'),('499463533'),('499742616'),('499752579'),('499762184'),('499954673'),('499957792'),('499995588'),('511131358'),('511146176'),('511185996'),('511259575'),('511326128'),('511333371'),('511483798'),('511541698'),('511541825'),('511549847'),('511749239'),('511771398'),('511779531'),('511857266'),('511926833'),('511989743'),('512182449'),('512258563'),('512265484'),('512578221'),('512599273'),('512635731'),('512655742'),('512656839'),('512962454'),('513422746'),('513429845'),('513514351'),('513735181'),('513742685'),('513842265'),('513882553'),('513917998'),('513951422'),('513976538'),('514225437'),('514538699'),('514624469'),('514666158'),('514679999'),('514688216'),('514773681'),('514824695'),('514941965'),('515114297'),('515278148'),('515286414'),('515327543'),('515365743'),('515436435'),('515526388'),('515575465'),('515591687'),('515625828'),('515747277'),('515843222'),('515866146'),('515989771'),('516213583'),('516264317'),('516317792'),('516371958'),('516395932'),('516515622'),('516518572'),('516594281'),('516597454'),('516652646'),('516911984'),('516936753'),('516979891'),('517179621'),('517251132'),('517292121'),('517329173'),('517332275'),('517377666'),('517411196'),('517429249'),('517455729'),('517514677'),('517629951'),('517782634'),('517836968'),('517967725'),('518124814'),('518138314'),('518166112'),('518194711'),('518211297'),('518212547'),('518242638'),('518252583'),('518335584'),('518359546'),('518366769'),('518422711'),('518514174'),('518537741'),('518579713'),('518612722'),('518644423'),('518654286'),('518679859'),('518728935'),('518743568'),('518776624'),('518778965'),('518824243'),('518916127'),('518983645'),('519325571'),('519398296'),('519437449'),('519492613'),('519625831'),('519798316'),('519891316'),('521183497'),('521246495'),('521324386'),('521371987'),('521481535'),('521545911'),('521573674'),('521614141'),('521618727'),('521662952'),('521747498'),('521756116'),('521952647'),('522211891'),('522216789'),('522222821'),('522237148'),('522249351'),('522288462'),('522335768'),('522373999'),('522445178'),('522486857'),('522494844'),('522599293'),('522657814'),('522726312'),('522889681'),('522982359'),('523133781'),('523179585'),('523198662'),('523223114'),('523311381'),('523333683'),('523459375'),('523631282'),('523721522'),('523818364'),('523895687'),('523969913'),('523972447'),('524147149'),('524165848'),('524166645'),('524172591'),('524187445'),('524236942'),('524283155'),('524695285'),('524939587'),('524968476'),('525121136'),('525249573'),('525282992'),('525311485'),('525453618'),('525483887'),('525585112'),('525679682'),('525867749'),('525959571'),('525991721'),('526191151'),('526228176'),('526288295'),('526532941'),('526582999'),('526667586'),('526748395'),('526793516'),('526842461'),('526885285'),('526896531'),('526946439'),('527163743'),('527215685'),('527252913'),('527453376'),('527499728'),('527515945'),('527613858'),('527639145'),('527689919'),('527691328'),('527741413'),('527768875'),('527829354'),('527833242'),('527882534'),('527885894'),('527935194'),('527959281'),('527986475'),('528148625'),('528327722'),('528423136'),('528446616'),('528491771'),('528513466'),('528598214'),('528648249'),('528784552'),('528924254'),('528936792'),('529149475'),('529161727'),('529162594'),('529231949'),('529236333'),('529456178'),('529514371'),('529594935'),('529617984'),('529636489'),('529671955'),('529895231'),('529932363'),('531171381'),('531236743'),('531263417'),('531278729'),('531438376'),('531482366'),('531575632'),('531681187'),('531772229'),('531828812'),('531849719'),('532241214'),('532251873'),('532268543'),('532377849'),('532378953'),('532416161'),('532529729'),('532588563'),('532633341'),('532638954'),('532725185'),('532779713'),('532781763'),('532851959'),('533151317'),('533159938'),('533261935'),('533284886'),('533313952'),('533396769'),('533485476'),('533517667'),('533583457'),('533653674'),('533779143'),('533779369'),('533829781'),('533853873'),('533866863'),('533941637'),('534161999'),('534513924'),('534527627'),('534554374'),('534586786'),('534631681'),('534713525'),('534811949'),('534821776'),('534825442'),('534828843'),('534889391'),('534894833'),('534941562'),('535133488'),('535136664'),('535139191'),('535211345'),('535237571'),('535296915'),('535325834'),('535348144'),('535645437'),('535684229'),('535829634'),('535831437'),('535842264'),('535869618'),('535914253'),('535956373'),('535989334'),('535999387'),('536119325'),('536155977'),('536291166'),('536294348'),('536338574'),('536351124'),('536381772'),('536387927'),('536389417'),('536446377'),('536489783'),('536523713'),('536655381'),('536731645'),('536798265'),('536864155'),('536868497'),('536899874'),('536945954'),('537119518'),('537122523'),('537146651'),('537298851'),('537353851'),('537467555'),('537524638'),('537614695'),('537651118'),('537662241'),('537663899'),('537697574'),('537816661'),('537979848'),('538274848'),('538382772'),('538462554'),('538463124'),('538583931'),('538642539'),('538643813'),('538688876'),('538937249'),('538972712'),('539354764'),('539414653'),('539429327'),('539438767'),('539482853'),('539562538'),('539564443'),('539568487'),('539581647'),('539695292'),('539811516'),('539829578'),('539873556'),('539951319'),('541117581'),('541122596'),('541246729'),('541266675'),('541447392'),('541516912'),('541554764'),('541573592'),('541616595'),('541653581'),('541763182'),('541828869'),('541832222'),('541917512'),('541976986'),('542187893'),('542188818'),('542256539'),('542446511'),('542452453'),('542485294'),('542525116'),('542649544'),('542658592'),('542689238'),('542741848'),('542764586'),('542816839'),('542937744'),('543272597'),('543341438'),('543443918'),('543536442'),('543582426'),('543598311'),('543734141'),('543876268'),('543878744'),('543894452'),('543926159'),('543988445'),('544194729'),('544315122'),('544336312'),('544429369'),('544528158'),('544571714'),('544599119'),('544697717'),('544778772'),('544856434'),('544874118'),('545172975'),('545231321'),('545241935'),('545264818'),('545286324'),('545337797'),('545365161'),('545392285'),('545595392'),('545652726'),('545721754'),('545751491'),('545767567'),('545789457'),('545851484'),('545948526'),('546112214'),('546149814'),('546168824'),('546198971'),('546228594'),('546268547'),('546297588'),('546412538'),('546414272'),('546435681'),('546458634'),('546628677'),('546763395'),('546774177'),('546842322'),('546863147'),('546924156'),('547147481'),('547175848'),('547213989'),('547261146'),('547286279'),('547344824'),('547352318'),('547379478'),('547383652'),('547456181'),('547472433'),('547568593'),('547614931'),('547829847'),('547914915'),('547937874'),('548223353'),('548541218'),('548598915'),('548752491'),('548758893'),('548821891'),('548851339'),('548911938'),('548964339'),('548984134'),('549212751'),('549223953'),('549352582'),('549413228'),('549435884'),('549531898'),('549632368'),('549641927'),('549737444'),('549751823'),('551337848'),('551338295'),('551422646'),('551438945'),('551468335'),('551536361'),('551576994'),('551597431'),('551626786'),('551676123'),('551725529'),('551785143'),('551888816'),('551949732'),('552287926'),('552354886'),('552447326'),('552447814'),('552477891'),('552566871'),('552739673'),('552852311'),('552951321'),('553382757'),('553396846'),('553526119'),('553541521'),('553624444'),('553686946'),('553819143'),('553886293'),('553952272'),('554152454'),('554178732'),('554231756'),('554243911'),('554322895'),('554494872'),('554529266'),('554544429'),('554559613'),('554566622'),('554594847'),('554715779'),('554722817'),('554748887'),('555235785'),('555244577'),('555387321'),('555427798'),('555623266'),('555633818'),('555691129'),('555749994'),('555786252'),('555864766'),('555976655'),('556158697'),('556222156'),('556278544'),('556285718'),('556324914'),('556421791'),('556462222'),('556625798'),('556693689'),('556698189'),('556717381'),('556743766'),('556882421'),('556933362'),('556964741'),('556965155'),('557147678'),('557227712'),('557255497'),('557311391'),('557373827'),('557473265'),('557517311'),('557568431'),('557675628'),('557714183'),('557734212'),('557929511'),('558138695'),('558296976'),('558344218'),('558372417'),('558373443'),('558389971'),('558417478'),('558474154'),('558524593'),('558624446'),('558658672'),('558676541'),('558683973'),('558786512'),('558823634'),('558881976'),('558921237'),('558952838'),('558963789'),('558996424'),('559121285'),('559148376'),('559233173'),('559249661'),('559284924'),('559379866'),('559489245'),('559494328'),('559496573'),('559621763'),('559629993'),('559665993'),('559725421'),('559768615'),('559799997'),('559946587'),('559982543'),('561144585'),('561176661'),('561233125'),('561371269'),('561448843'),('561477355'),('561495754'),('561519757'),('561557734'),('561642519'),('561798668'),('561978152'),('561995469'),('561997713'),('562142939'),('562236492'),('562254262'),('562261753'),('562276843'),('562326874'),('562365987'),('562437333'),('562495378'),('562513364'),('562517375'),('562536551'),('562673946'),('562718765'),('562721446'),('562754372'),('562778848'),('562794642'),('562856319'),('562916175'),('562981868'),('563183356'),('563218794'),('563218799'),('563353622'),('563355116'),('563382733'),('563388111'),('563454171'),('563539747'),('563559665'),('563645461'),('563649277'),('563692176'),('563747716'),('563786839'),('563855375'),('563865184'),('563888412'),('563944867'),('563973364'),('564167247'),('564195365'),('564215128'),('564247878'),('564266399'),('564362789'),('564415271'),('564536455'),('564726577'),('564817948'),('564957969'),('565153355'),('565172476'),('565329476'),('565418262'),('565682975'),('565926137'),('566248179'),('566381342'),('566388731'),('566463986'),('566469679'),('566472992'),('566569369'),('566593659'),('566618813'),('566684134'),('566686634'),('566689776'),('566777634'),('566784226'),('566787768'),('566796398'),('566926253'),('566941782'),('567126837'),('567175314'),('567227897'),('567277657'),('567386699'),('567444264'),('567445497'),('567455569'),('567499772'),('567522139'),('567637333'),('567845561'),('567883666'),('567953138'),('567971195'),('568331394'),('568369386'),('568559387'),('568689141'),('568693822'),('568694191'),('568729122'),('568743962'),('568779858'),('568793163'),('568816841'),('568871712'),('568899755'),('568972749'),('568997177'),('569322993'),('569376581'),('569378117'),('569473272'),('569485462'),('569523894'),('569549231'),('569611623'),('569678788'),('569751816'),('569899593'),('569954116'),('569955896'),('569962793'),('571143627'),('571189717'),('571296367'),('571369288'),('571398572'),('571519328'),('571763224'),('571783927'),('571798823'),('571842628'),('571842785'),('571894114'),('571911241'),('571958475'),('571979195'),('571983729'),('572118667'),('572141893'),('572239954'),('572288459'),('572339956'),('572378528'),('572399516'),('572523334'),('572679333'),('572759399'),('572772321'),('572774998'),('572876727'),('572892972'),('572913686'),('573163398'),('573191158'),('573223855'),('573313395'),('573315793'),('573324781'),('573352917'),('573425774'),('573431426'),('573452123'),('573495733'),('573582531'),('573662359'),('573696911'),('573776268'),('573776556'),('573861323'),('573868288'),('573898469'),('573936553'),('574196612'),('574237218'),('574488983'),('574523458'),('574534269'),('574567434'),('574613721'),('574629655'),('574637962'),('574756843'),('574868111'),('574944553'),('574986828'),('575319691'),('575321198'),('575339353'),('575471485'),('575523195'),('575537136'),('575595283'),('575598836'),('575658852'),('575695615'),('575716426'),('575798486'),('575817751'),('576138331'),('576168122'),('576174668'),('576357877'),('576412977'),('576459534'),('576786885'),('576855766'),('576855854'),('576913346'),('576966515'),('576993996'),('577188113'),('577243128'),('577334518'),('577364943'),('577421121'),('577511418'),('577522676'),('577537944'),('577664171'),('577794656'),('577854315'),('577945669'),('577958147'),('577998678'),('578233944'),('578359549'),('578389512'),('578464433'),('578576951'),('578672737'),('578687398'),('578697744'),('578792211'),('578876821'),('578882185'),('578914961'),('578987842'),('579345112'),('579347817'),('579398349'),('579465782'),('579497489'),('579569964'),('579573128'),('579613666'),('579693479'),('579752366'),('579753532'),('581141973'),('581255956'),('581287399'),('581317946'),('581343758'),('581362511'),('581468595'),('581557942'),('581559576'),('581646238'),('581843284'),('581884449'),('581933832'),('582156747'),('582174613'),('582211929'),('582239456'),('582293577'),('582318453'),('582322928'),('582371875'),('582385464'),('582394316'),('582437656'),('582498846'),('582667859'),('582928485'),('582946979'),('583188475'),('583262116'),('583386465'),('583418483'),('583533977'),('583668939'),('583681998'),('583818314'),('583861721'),('583898234'),('583938852'),('584294259'),('584323133'),('584442299'),('584473857'),('584481348'),('584666757'),('584837478'),('584869698'),('584877554'),('584991255'),('584994554'),('585113755'),('585135711'),('585141711'),('585335396'),('585434712'),('585445691'),('585531151'),('585678611'),('585779599'),('585813535'),('585937511'),('585999348'),('586196754'),('586219951'),('586226585'),('586293148'),('586465794'),('586612716'),('586652231'),('586654347'),('586732534'),('586748724'),('586764342'),('586899681'),('586938131'),('587414934'),('587456669'),('587734146'),('587874592'),('587926316'),('587941782'),('587946259'),('588119223'),('588286713'),('588368575'),('588428824'),('588516492'),('588522222'),('588586118'),('588617439'),('588679216'),('588692251'),('588924427'),('588925641'),('588926769'),('589147237'),('589219753'),('589321197'),('589446238'),('589451141'),('589459838'),('589587335'),('589621521'),('589623876'),('589687511'),('589727428'),('589783135'),('589832828'),('589839755'),('589846738'),('589874422'),('589914498'),('589949547'),('591148438'),('591345419'),('591384686'),('591449298'),('591453649'),('591516117'),('591532143'),('591675733'),('591714945'),('591767595'),('591981535'),('592142114'),('592159465'),('592172594'),('592192585'),('592273754'),('592286234'),('592434686'),('592469832'),('592562634'),('592692448'),('592824686'),('592878974'),('592883871'),('592933375'),('592966469'),('593123544'),('593128465'),('593225183'),('593238533'),('593341917'),('593375681'),('593514753'),('593522391'),('593546289'),('593672469'),('593728659'),('593856115'),('593866992'),('593871745'),('593887256'),('593912822'),('593913125'),('593923986'),('593942783'),('594129815'),('594192699'),('594241631'),('594245894'),('594264721'),('594561468'),('594588142'),('594622516'),('594635412'),('594652637'),('594728461'),('594853178'),('594919249'),('594957174'),('595119727'),('595281784'),('595347828'),('595382634'),('595674268'),('595683622'),('595722281'),('595767354'),('595941255'),('595941462'),('595957672'),('595961566'),('596292136'),('596378913'),('596383464'),('596432393'),('596658796'),('596738916'),('596779865'),('596793117'),('596859838'),('596894274'),('596915791'),('596946656'),('597121473'),('597233746'),('597323831'),('597339268'),('597374136'),('597433844'),('597565518'),('597639491'),('597672331'),('597687914'),('597718388'),('597772616'),('597793939'),('598124839'),('598198288'),('598371482'),('598454761'),('598562636'),('598587869'),('598613799'),('598629488'),('598645458'),('598683717'),('598721254'),('598767785'),('598786376'),('598814373'),('598891525'),('598895978'),('598931229'),('599146432'),('599512862'),('599559466'),('599724246'),('599762551'),('599781158'),('599795815'),('599858137'),('599996886'),('611128672'),('611146836'),('611154581'),('611288859'),('611291195'),('611356961'),('611358137'),('611472576'),('611662295'),('611662724'),('611833235'),('612136127'),('612169934'),('612379444'),('612449332'),('612452563'),('612491256'),('612517887'),('612518578'),('612573839'),('612594727'),('612717312'),('612763646'),('612957887'),('613228297'),('613411749'),('613425896'),('613435118'),('613497371'),('613498117'),('613518375'),('613635677'),('613688966'),('613691653'),('613715135'),('613734465'),('613742962'),('613765187'),('613838754'),('613874286'),('613883261'),('613885244'),('613892856'),('613969499'),('613997472'),('614122754'),('614129967'),('614237641'),('614255334'),('614328734'),('614423694'),('614452748'),('614464333'),('614645478'),('614671719'),('614675186'),('614715416'),('614718466'),('614753564'),('614938561'),('615116387'),('615136152'),('615171488'),('615351579'),('615352765'),('615493694'),('615731489'),('615743267'),('615823544'),('615842535'),('615881497'),('616347946'),('616421988'),('616459734'),('616475325'),('616525132'),('616594511'),('616831951'),('617119229'),('617321758'),('617472493'),('617473543'),('617519349'),('617574729'),('617625723'),('617636774'),('617712658'),('617726854'),('617748493'),('617881915'),('617889812'),('617895861'),('617942747'),('617947937'),('617994211'),('618158752'),('618182328'),('618411342'),('618454773'),('618555344'),('618576936'),('618624844'),('618756932'),('618817554'),('618913784'),('618942589'),('618983542'),('619122632'),('619134998'),('619295486'),('619439327'),('619461941'),('619484564'),('619518263'),('619551459'),('619569397'),('619573516'),('619746165'),('619765969'),('619822652'),('619895573'),('621157826'),('621315335'),('621343229'),('621351564'),('621448179'),('621542118'),('621731514'),('622127188'),('622182471'),('622216158'),('622255868'),('622289128'),('622411196'),('622473543'),('622519945'),('622539616'),('622558522'),('622578842'),('622822772'),('622834481'),('622916541'),('622932774'),('623188256'),('623235594'),('623253915'),('623312296'),('623319742'),('623424931'),('623459785'),('623534668'),('623539938'),('623583234'),('623614968'),('623634451'),('623711551'),('623749172'),('623771272'),('623773755'),('623884872'),('623983375'),('624215886'),('624334733'),('624356464'),('624363294'),('624497991'),('624528469'),('624542852'),('624545382'),('624547325'),('624547648'),('624587814'),('624638852'),('624673976'),('624778514'),('624845391'),('624913966'),('625213175'),('625221732'),('625313418'),('625343923'),('625461278'),('625461449'),('625572555'),('625892439'),('625958123'),('626115885'),('626219634'),('626291717'),('626373252'),('626494147'),('626495125'),('626514791'),('626754972'),('626756863'),('626758272'),('626766659'),('626786376'),('626937495'),('627121786'),('627131718'),('627171424'),('627273175'),('627297713'),('627339227'),('627349521'),('627421371'),('627529151'),('627567733'),('627646799'),('627698362'),('627747181'),('627913381'),('627927529'),('628178132'),('628244724'),('628251998'),('628277416'),('628369617'),('628514453'),('628544715'),('628749493'),('628782824'),('628789545'),('628812739'),('628882542'),('628891824'),('628943732'),('629225654'),('629337858'),('629432937'),('629475118'),('629556214'),('629628744'),('629692368'),('629771661'),('629791737'),('629914372'),('629919168'),('631223653'),('631269594'),('631355611'),('631414174'),('631427814'),('631435813'),('631593539'),('631697761'),('631766529'),('631774159'),('631794594'),('631869692'),('631912615'),('631923952'),('631952144'),('631964764'),('631991619'),('632284321'),('632343542'),('632393818'),('632481393'),('632543636'),('632557975'),('632581522'),('632641674'),('632725338'),('632873982'),('632987713'),('633224788'),('633285429'),('633291999'),('633389482'),('633444596'),('633587954'),('633819911'),('634168686'),('634176945'),('634187798'),('634215519'),('634244367'),('634262821'),('634263941'),('634326686'),('634877136'),('634891329'),('634919266'),('634932561'),('634967719'),('634975578'),('634997884'),('635163863'),('635357397'),('635417689'),('635433427'),('635451534'),('635522893'),('635546763'),('635567264'),('635598649'),('635658297'),('635666576'),('635681923'),('635713525'),('635776279'),('635838241'),('635869641'),('635991867'),('635993987'),('636197934'),('636288428'),('636513871'),('636629427'),('636634261'),('636647925'),('636689496'),('636851935'),('636917668'),('636963748'),('636969814'),('637125331'),('637143547'),('637144343'),('637157131'),('637441936'),('637651624'),('637659169'),('637694892'),('637932854'),('637941341'),('638165632'),('638326235'),('638482314'),('638496587'),('638511568'),('638572767'),('638587674'),('638624431'),('638741933'),('638968884'),('639115862'),('639295835'),('639317195'),('639454448'),('639512564'),('639628416'),('639713431'),('639816938'),('639823673'),('639872958'),('639915543'),('639949457'),('641151226'),('641186624'),('641227682'),('641229174'),('641283186'),('641444681'),('641642348'),('641645156'),('641654196'),('641679664'),('641736174'),('641939641'),('642125598'),('642153516'),('642177728'),('642233959'),('642288849'),('642296672'),('642415745'),('642423927'),('642484598'),('642511197'),('642643423'),('642817354'),('642822596'),('642862771'),('642929972'),('643341921'),('643377237'),('643446143'),('643581194'),('643793172'),('643793656'),('643887659'),('643936726'),('644194416'),('644236832'),('644377665'),('644469651'),('644668585'),('644674462'),('644698428'),('644753445'),('644799977'),('644833746'),('644932188'),('645249787'),('645297116'),('645329342'),('645423262'),('645542419'),('645546865'),('645578488'),('645644666'),('645751293'),('645787329'),('645795478'),('645865214'),('645866683'),('646148941'),('646277977'),('646279153'),('646328936'),('646397491'),('646451533'),('646457898'),('646484529'),('646561135'),('646597118'),('646598323'),('646638795'),('646733142'),('646789183'),('646873359'),('647384653'),('647495879'),('647556577'),('647659489'),('647741891'),('647774577'),('647825773'),('647852213'),('647897254'),('647928341'),('648136564'),('648173784'),('648214465'),('648267339'),('648345738'),('648387893'),('648425278'),('648511332'),('648566559'),('648639497'),('648647775'),('648662567'),('648782999'),('648823189'),('648852733'),('648913454'),('648917938'),('648929822'),('648944327'),('649136112'),('649279572'),('649328751'),('649383537'),('649428989'),('649524545'),('649532297'),('649595757'),('649621428'),('649624244'),('649645544'),('649658793'),('649723334'),('649727195'),('649862133'),('651141713'),('651148875'),('651261264'),('651298443'),('651458379'),('651476433'),('651547512'),('651558113'),('651591365'),('651611514'),('651633714'),('651636859'),('651739231'),('651749482'),('651758462'),('651769579'),('651863391'),('651884265'),('651993324'),('652119122'),('652187466'),('652272537'),('652375717'),('652391658'),('652412449'),('652449323'),('652512298'),('652659848'),('652843558'),('652845192'),('652884764'),('652913148'),('652923214'),('652931731'),('652949166'),('652971674'),('652996359'),('653152499'),('653156113'),('653159869'),('653262315'),('653272144'),('653319629'),('653319721'),('653381248'),('653391796'),('653415672'),('653429337'),('653454692'),('653476249'),('653646867'),('653691437'),('653717362'),('653873378'),('653881198'),('653934147'),('653985594'),('654148816'),('654216692'),('654261456'),('654381654'),('654386345'),('654451514'),('654454347'),('654456599'),('654476292'),('654531553'),('654562792'),('654562954'),('654639321'),('654659762'),('654663733'),('654999329'),('655268812'),('655292752'),('655323631'),('655355767'),('655466389'),('655534258'),('655563489'),('655638765'),('655825157'),('655854554'),('655889522'),('655994968'),('656331572'),('656366482'),('656448714'),('656452717'),('656458849'),('656486397'),('656512429'),('656617373'),('656722293'),('656848187'),('656929598'),('656972115'),('657256267'),('657282679'),('657533991'),('657535881'),('657577492'),('657584428'),('657699282'),('657716366'),('657811537'),('657922354'),('658119886'),('658225974'),('658361924'),('658397154'),('658539857'),('658691263'),('658693754'),('658797614'),('658828514'),('658868211'),('659119115'),('659127253'),('659221434'),('659243546'),('659248412'),('659285955'),('659338517'),('659345152'),('659365622'),('659449995'),('659595689'),('659724129'),('659733827'),('659743666'),('659785364'),('659793616'),('659796331'),('659799735'),('659935242'),('661191257'),('661357853'),('661443382'),('661454677'),('661529843'),('661536482'),('661566478'),('661572673'),('661593474'),('661639755'),('661689873'),('661749328'),('661867937'),('661995391'),('662411794'),('662424552'),('662557522'),('662562421'),('662694987'),('662722538'),('662796617'),('662868699'),('662924198'),('662958163'),('663113721'),('663232277'),('663362289'),('663383833'),('663447451'),('663541415'),('663615394'),('663751179'),('663945849'),('664115253'),('664159684'),('664223431'),('664238749'),('664312177'),('664327464'),('664362937'),('664531347'),('664538458'),('664563472'),('664567441'),('664875361'),('664912591'),('664914377'),('664922772'),('664949426'),('665143383'),('665325167'),('665333675'),('665453325'),('665568481'),('665692745'),('665764244'),('665784121'),('665829161'),('665886479'),('665959424'),('665973319'),('665984663'),('666235866'),('666398222'),('666458411'),('666556729'),('666631169'),('667148819'),('667156641'),('667159666'),('667261264'),('667387974'),('667432912'),('667455416'),('667479213'),('667888536'),('667922657'),('667932339'),('667987247'),('668311228'),('668388699'),('668415578'),('668484449'),('668577876'),('668585878'),('668681849'),('668716872'),('668744984'),('668785248'),('668974381'),('669167467'),('669169853'),('669246264'),('669261944'),('669262686'),('669281945'),('669359411'),('669516437'),('669519971'),('669579926'),('669632399'),('669753214'),('669754643'),('669787943'),('669988345'),('671121648'),('671132686'),('671179838'),('671218672'),('671381372'),('671399524'),('671488541'),('671524372'),('671618698'),('671764426'),('671925931'),('671936339'),('671938472'),('672125962'),('672427826'),('672436242'),('672456129'),('672558889'),('672672656'),('672731143'),('672814191'),('672877852'),('672914275'),('673126214'),('673171371'),('673178679'),('673251888'),('673263441'),('673323754'),('673329848'),('673361721'),('673436386'),('673514822'),('673841518'),('673885958'),('673929555'),('673974147'),('674194767'),('674287457'),('674299132'),('674335844'),('674361132'),('674415119'),('674467292'),('674668928'),('674737891'),('674762597'),('674977639'),('675171195'),('675233418'),('675262634'),('675417219'),('675454314'),('675516345'),('675576861'),('675666358'),('675732956'),('675831754'),('675882362'),('675949188'),('675975273'),('675985894'),('676129463'),('676248371'),('676349112'),('676449213'),('676557392'),('676594291'),('676656573'),('676688647'),('676756776'),('676869639'),('676944121'),('676997158'),('677128811'),('677261786'),('677345939'),('677378715'),('677552789'),('677617961'),('677633253'),('677653598'),('677689696'),('677761247'),('677827381'),('677829989'),('677875154'),('677942225'),('678126915'),('678129352'),('678286367'),('678342592'),('678376875'),('678394752'),('678396491'),('678437114'),('678445113'),('678487949'),('678614468'),('678686819'),('678698815'),('678714989'),('678729635'),('678745521'),('678771627'),('678915996'),('678958165'),('678958266'),('679154383'),('679156453'),('679177853'),('679181963'),('679222693'),('679385775'),('679422328'),('679535885'),('679583355'),('679616361'),('679633238'),('679645519'),('679647597'),('679675165'),('679827583'),('679838116'),('679857569'),('679914473'),('679935131'),('681111686'),('681159877'),('681292162'),('681335754'),('681416365'),('681447187'),('681593145'),('681632333'),('681655331'),('681732553'),('681769274'),('681928995'),('681974635'),('682111367'),('682174372'),('682383666'),('682398898'),('682484321'),('682514962'),('682515496'),('682671225'),('682693113'),('682726662'),('682749727'),('682871179'),('683117365'),('683186931'),('683223156'),('683289273'),('683373161'),('683417867'),('683452395'),('683466921'),('683523536'),('683571168'),('683592297'),('683675992'),('683784811'),('683821282'),('683823234'),('683884313'),('684153651'),('684211377'),('684335858'),('684349237'),('684449145'),('684515775'),('684558553'),('684755149'),('684975438'),('685123187'),('685143116'),('685297113'),('685362926'),('685387393'),('685422727'),('685459167'),('685523411'),('685524529'),('685542452'),('685592838'),('685659614'),('685786695'),('685787416'),('685834395'),('685934272'),('685986462'),('686129383'),('686129737'),('686172575'),('686239596'),('686431782'),('686497386'),('686654614'),('686763229'),('686776319'),('686856564'),('687427241'),('687458899'),('687628211'),('687681754'),('687745384'),('687756964'),('687876467'),('687947892'),('688136462'),('688218385'),('688286593'),('688384653'),('688454319'),('688566244'),('688593836'),('688635275'),('688698191'),('688948782'),('689149413'),('689195347'),('689268793'),('689331915'),('689371377'),('689426135'),('689488129'),('689514912'),('689571957'),('689638472'),('689697444'),('689789275'),('691112788'),('691137673'),('691227843'),('691331852'),('691349563'),('691383883'),('691385382'),('691629913'),('691666752'),('691786118'),('691928444'),('691975341'),('691988798'),('691991323'),('692151991'),('692356937'),('692357738'),('692424275'),('692488126'),('692488617'),('692531168'),('692535178'),('692555451'),('692669311'),('692678261'),('692699348'),('692767556'),('692919935'),('692934178'),('692999135'),('693126815'),('693199973'),('693238379'),('693374341'),('693444733'),('693488462'),('693558162'),('693613986'),('693817469'),('693872898'),('693934448'),('693938385'),('694133677'),('694166546'),('694211219'),('694269429'),('694315823'),('694354313'),('694355198'),('694435439'),('694536822'),('694549489'),('694585527'),('694622484'),('694659898'),('694675862'),('694681934'),('694766819'),('694957654'),('694961569'),('694965891'),('694981519'),('695139322'),('695436818'),('695487618'),('695584121'),('695691298'),('695844279'),('695878414'),('695982468'),('696228673'),('696268549'),('696278156'),('696329741'),('696349561'),('696386128'),('696395144'),('696418869'),('696434135'),('696626358'),('696648382'),('696649588'),('696687286'),('696731881'),('696769574'),('696812263'),('696812595'),('696825891'),('696858315'),('696859623'),('696868143'),('696924472'),('696983299'),('697116829'),('697145943'),('697285799'),('697462921'),('697562725'),('697641499'),('697645426'),('697922731'),('697946268'),('697951995'),('697989663'),('698156627'),('698287626'),('698364719'),('698452755'),('698487733'),('698817818'),('698928555'),('699116984'),('699132625'),('699174238'),('699181489'),('699182443'),('699234315'),('699262379'),('699324522'),('699352497'),('699391261'),('699398257'),('699489554'),('699651543'),('699652984'),('699673568'),('699684854'),('699714133'),('699761481'),('699798364'),('699842521'),('699859879'),('711186561'),('711191881'),('711446798'),('711487575'),('711587293'),('711598625'),('711687848'),('711745168'),('711753792'),('711786518'),('711888993'),('711964693'),('712164531'),('712391343'),('712563477'),('712681725'),('712737757'),('712777212'),('712788448'),('712826312'),('712829885'),('712855193'),('712855687'),('712979474'),('712999594'),('713217469'),('713238877'),('713241381'),('713267258'),('713283947'),('713324183'),('713512893'),('713568962'),('713714836'),('713728782'),('713751287'),('713842974'),('713866911'),('713924475'),('713932893'),('713945197'),('714138944'),('714189565'),('714232319'),('714279827'),('714359527'),('714369722'),('714722654'),('714778771'),('714788253'),('714815356'),('714857142'),('714874438'),('714965353'),('714966636'),('714984312'),('715346562'),('715419484'),('715434773'),('715494251'),('715557366'),('715591461'),('715651797'),('715665685'),('715685536'),('715743263'),('715826245'),('715842575'),('715842818'),('715921979'),('715935317'),('715992334'),('716165543'),('716255173'),('716283873'),('716315951'),('716333285'),('716346117'),('716421759'),('716449371'),('716531536'),('716549131'),('716588135'),('716632855'),('716698492'),('716748216'),('716773794'),('716949615'),('717114296'),('717117297'),('717234537'),('717244483'),('717285676'),('717318777'),('717362751'),('717449363'),('717554348'),('717585392'),('717587949'),('717721366'),('717792169'),('717927897'),('717938994'),('717997381'),('718154149'),('718157814'),('718235621'),('718312399'),('718328357'),('718455616'),('718596297'),('718619466'),('718661629'),('718681716'),('718716231'),('718853327'),('719135287'),('719145481'),('719189484'),('719256267'),('719313929'),('719351316'),('719399561'),('719467324'),('719491342'),('719635297'),('719651959'),('719764166'),('719853288'),('719874677'),('719927154'),('719938858'),('719957135'),('721154554'),('721258177'),('721326536'),('721353332'),('721447262'),('721759935'),('721845222'),('721877469'),('721927223'),('721954185'),('721984552'),('722197274'),('722222443'),('722233176'),('722339635'),('722612688'),('722691893'),('722714241'),('722722272'),('722787242'),('722799948'),('723165358'),('723219686'),('723264514'),('723274643'),('723328823'),('723374253'),('723393371'),('723397878'),('723445593'),('723495624'),('723766486'),('723843142'),('723937685'),('724155971'),('724232682'),('724234531'),('724336291'),('724367458'),('724454714'),('724515667'),('724645788'),('724666228'),('724766644'),('724833935'),('724897675'),('724928129'),('724989388'),('725191138'),('725236289'),('725315316'),('725334576'),('725343414'),('725486224'),('725748514'),('725795992'),('725972869'),('726147639'),('726234195'),('726282218'),('726335987'),('726446622'),('726456312'),('726554415'),('726556725'),('726913588'),('726913771'),('727131444'),('727166754'),('727191442'),('727262177'),('727278567'),('727358914'),('727473939'),('727628143'),('727699471'),('727859483'),('727935373'),('727941558'),('728121648'),('728127925'),('728262927'),('728329874'),('728427547'),('728454175'),('728546957'),('728564543'),('728828285'),('728838194'),('728999843'),('729113681'),('729118743'),('729121118'),('729322129'),('729389582'),('729474866'),('729482889'),('729552183'),('729578526'),('729635632'),('729647117'),('729699639'),('729753742'),('729756581'),('729831917'),('729842895'),('729847835'),('729863566'),('729864293'),('729888444'),('729914948'),('729996554'),('731224589'),('731255874'),('731348253'),('731441163'),('731443616'),('731464618'),('731615585'),('731698337'),('731811919'),('731824454'),('731839688'),('731878844'),('732163794'),('732244618'),('732254316'),('732323395'),('732368342'),('732476447'),('732528272'),('732683968'),('732715754'),('732751968'),('732784681'),('732862234'),('733164652'),('733182459'),('733186575'),('733278533'),('733318949'),('733524662'),('733562589'),('733563633'),('733586925'),('733642568'),('733666433'),('733744956'),('733751828'),('733753189'),('733785716'),('733856467'),('733993872'),('734156447'),('734176928'),('734211884'),('734264376'),('734289884'),('734332127'),('734378884'),('734398447'),('734475961'),('734477812'),('734533776'),('734618714'),('734621389'),('734732913'),('734733159'),('734742841'),('734758987'),('734841353'),('734859345'),('735118595'),('735237398'),('735269874'),('735317823'),('735334758'),('735414698'),('735436378'),('735497777'),('735523625'),('735547114'),('735547319'),('735575218'),('735771411'),('735817389'),('735922185'),('736154486'),('736159458'),('736174334'),('736223456'),('736237329'),('736257366'),('736257384'),('736277199'),('736337136'),('736346186'),('736351294'),('736368717'),('736376641'),('736386496'),('736399176'),('736481271'),('736527939'),('736535531'),('736764477'),('736833742'),('736957512'),('737166729'),('737539314'),('737619815'),('737717448'),('737732696'),('737757582'),('737843471'),('737849778'),('737929694'),('737931949'),('738165484'),('738212393'),('738383429'),('738656369'),('738683968'),('738746387'),('738776527'),('738822574'),('738834284'),('738841785'),('738854134'),('738886986'),('738923256'),('738924876'),('738973537'),('738993926'),('739199218'),('739244329'),('739358339'),('739377331'),('739382455'),('739432857'),('739467219'),('739627995'),('739675648'),('739737248'),('739753966'),('739842262'),('739862153'),('739965999'),('739982424'),('739982684'),('741125844'),('741141981'),('741163336'),('741188556'),('741273692'),('741418145'),('741519762'),('741715943'),('741719185'),('741745336'),('741823967'),('741862648'),('741922314'),('742138555'),('742164777'),('742262471'),('742312646'),('742424249'),('742445136'),('742461337'),('742465739'),('742582682'),('742623383'),('742697516'),('742767787'),('742795536'),('742834298'),('742841978'),('742896232'),('742899147'),('742923659'),('742942177'),('742999753'),('743169648'),('743429826'),('743457967'),('743524774'),('743574664'),('743582918'),('743759134'),('743847643'),('743889513'),('743946147'),('743977715'),('744165962'),('744223614'),('744256488'),('744257889'),('744348355'),('744445235'),('744466416'),('744524785'),('744596847'),('744664438'),('744677199'),('744853254'),('744951428'),('744996249'),('745112377'),('745158582'),('745163839'),('745228385'),('745279673'),('745321154'),('745322695'),('745364846'),('745436918'),('745449342'),('745539662'),('745596197'),('745786536'),('746124565'),('746158351'),('746254712'),('746357857'),('746411164'),('746521683'),('746532217'),('746572245'),('746584435'),('746832832'),('746898485'),('747334414'),('747344665'),('747395434'),('747451363'),('747658646'),('747682128'),('747749937'),('747814429'),('747989929'),('748146984'),('748181684'),('748192336'),('748199136'),('748211382'),('748215491'),('748246149'),('748291899'),('748464468'),('748469756'),('748484222'),('748546123'),('748553892'),('748687866'),('748693132'),('748854487'),('748859365'),('748897582'),('748928197'),('748937462'),('748963417'),('748983274'),('748983771'),('749291849'),('749347822'),('749382996'),('749448757'),('749451862'),('749475975'),('749477851'),('749514316'),('749517633'),('749572894'),('749617573'),('749658698'),('749668745'),('749692829'),('749698518'),('749778368'),('749826431'),('749833794'),('749863717'),('751154388'),('751195226'),('751298384'),('751514723'),('751521929'),('751549514'),('751655783'),('751761476'),('752116823'),('752116872'),('752281816'),('752282819'),('752324894'),('752336152'),('752351529'),('752733786'),('752782637'),('752882619'),('752913862'),('753138382'),('753218858'),('753364414'),('753396835'),('753425876'),('753444126'),('753461277'),('753473634'),('753614975'),('753713714'),('753724294'),('753735482'),('753739314'),('753755581'),('753826224'),('753869946'),('753876435'),('753941136'),('753942434'),('753945565'),('754144468'),('754162191'),('754237257'),('754245511'),('754281355'),('754296115'),('754362224'),('754667764'),('754723973'),('754754496'),('754763747'),('754772572'),('754784556'),('754866571'),('755143639'),('755286568'),('755351331'),('755529676'),('755577359'),('755582861'),('755657479'),('755672157'),('755685886'),('755882293'),('756149199'),('756152717'),('756211414'),('756268941'),('756329315'),('756523813'),('756689681'),('756734491'),('756895921'),('756899157'),('756927254'),('756942374'),('756948544'),('756972545'),('757188599'),('757389196'),('757397397'),('757587843'),('757666732'),('757674698'),('757721583'),('757762616'),('757764648'),('757772825'),('757876161'),('757892465'),('758121581'),('758135867'),('758168378'),('758173311'),('758197555'),('758242617'),('758258116'),('758279152'),('758331948'),('758375736'),('758422987'),('758515618'),('758582182'),('758593495'),('758698198'),('758774128'),('758776534'),('758878485'),('758889913'),('758987513'),('759137183'),('759168756'),('759199411'),('759287842'),('759365886'),('759373256'),('759384435'),('759419742'),('759425537'),('759435278'),('759464954'),('759489789'),('759551541'),('759591991'),('759697885'),('759786598'),('759846559'),('759855557'),('759861367'),('759866483'),('759866538'),('759964436'),('761258592'),('761322362'),('761342739'),('761343997'),('761441246'),('761522959'),('761537375'),('761682567'),('761823155'),('761879237'),('761911654'),('761962259'),('762187681'),('762191844'),('762445417'),('762484357'),('762545288'),('762652612'),('762742228'),('762754797'),('762796331'),('762818528'),('762927139'),('763127572'),('763132269'),('763134659'),('763245294'),('763258685'),('763332981'),('763377115'),('763479557'),('763559633'),('763793312'),('763897325'),('764155161'),('764278452'),('764441895'),('764474414'),('764553973'),('764648375'),('764671386'),('764672239'),('764741192'),('764785417'),('764928479'),('765216946'),('765266152'),('765273815'),('765318534'),('765322213'),('765327677'),('765476342'),('765569438'),('765615617'),('765692566'),('765752725'),('765759438'),('765814448'),('765842174'),('765858573'),('765987421'),('766194957'),('766276533'),('766379639'),('766473475'),('766496419'),('766569842'),('766713588'),('766725286'),('766767634'),('766946187'),('767239757'),('767321485'),('767425948'),('767485223'),('767559892'),('767729378'),('767738959'),('767741564'),('767789474'),('767817986'),('767826418'),('767864978'),('767892776'),('767894692'),('767899839'),('768141966'),('768182878'),('768194174'),('768219385'),('768225536'),('768246124'),('768289427'),('768413688'),('768743782'),('768781778'),('768846365'),('768973519'),('768974181'),('768992675'),('769112734'),('769113598'),('769199192'),('769444343'),('769496538'),('769549458'),('769581249'),('769615332'),('769751671'),('769992511'),('771158434'),('771292487'),('771319388'),('771439261'),('771524525'),('771645778'),('771655298'),('771658889'),('771877771'),('771928633'),('771935164'),('772165713'),('772174286'),('772237862'),('772255384'),('772292353'),('772562253'),('772663636'),('772664929'),('772681138'),('772681515'),('772773281'),('772961822'),('772998346'),('773118622'),('773161153'),('773189396'),('773228569'),('773236871'),('773419227'),('773579257'),('773622444'),('773655151'),('773865462'),('773979646'),('774147168'),('774187477'),('774252171'),('774288262'),('774384262'),('774423211'),('774584596'),('774591248'),('774723483'),('774773463'),('775142122'),('775184416'),('775272874'),('775372411'),('775477629'),('775556861'),('775672444'),('775792751'),('775877931'),('775924623'),('775994964'),('775996258'),('776235784'),('776275453'),('776383956'),('776476627'),('776492712'),('776633385'),('776642912'),('776645582'),('776662166'),('776772438'),('776864622'),('776974975'),('777119625'),('777133166'),('777315288'),('777366557'),('777369784'),('777462245'),('777596818'),('777623497'),('777646347'),('777648976'),('777851416'),('777861425'),('777883894'),('777886114'),('777939719'),('778139899'),('778141476'),('778162741'),('778188552'),('778237314'),('778339519'),('778361713'),('778411631'),('778591395'),('778616715'),('778781136'),('778793458'),('778793996'),('778819317'),('778861527'),('778874715'),('778985568'),('779118522'),('779129998'),('779283155'),('779313874'),('779397338'),('779418499'),('779441967'),('779574298'),('779594554'),('779626165'),('779629939'),('779713626'),('779862343'),('779936134'),('779966519'),('779999892'),('781141672'),('781267662'),('781321919'),('781449155'),('781533728'),('781559952'),('781686498'),('781746961'),('781762195'),('781855266'),('781912125'),('781927448'),('781939314'),('781966662'),('782315875'),('782518735'),('782523714'),('782546691'),('782629182'),('782717888'),('782798432'),('782822318'),('782862911'),('782898754'),('782932585'),('783217948'),('783246543'),('783291915'),('783386219'),('783546972'),('783571962'),('783579577'),('783596846'),('783611413'),('783612591'),('783716696'),('783726277'),('783959619'),('783989825'),('784161733'),('784278732'),('784411742'),('784438629'),('784547486'),('784664175'),('784668172'),('784772243'),('784967178'),('784998882'),('785153976'),('785395351'),('785459715'),('785542982'),('785562172'),('785659194'),('785672378'),('785754892'),('785812988'),('785886631'),('785944112'),('785956946'),('785962897'),('785971992'),('785976154'),('786293111'),('786441813'),('786616878'),('786617653'),('786649547'),('786722253'),('786744222'),('786842599'),('786944387'),('786955541'),('786965899'),('787114265'),('787194822'),('787275913'),('787285671'),('787328211'),('787361236'),('787577124'),('787592341'),('787651729'),('787654794'),('787857712'),('788153398'),('788166323'),('788168119'),('788286265'),('788287468'),('788335924'),('788517536'),('788585521'),('788646932'),('788711911'),('788744555'),('788988516'),('789114595'),('789122173'),('789125283'),('789147732'),('789181384'),('789324542'),('789554555'),('789713198'),('789757647'),('789786983'),('789792967'),('789867582'),('789972466'),('791136471'),('791187362'),('791189926'),('791239916'),('791357324'),('791393293'),('791574614'),('791614164'),('791687178'),('791837481'),('791856246'),('791861655'),('791888254'),('792113137'),('792224364'),('792291982'),('792293717'),('792513626'),('792513984'),('792567895'),('792599423'),('792863324'),('792913389'),('792946397'),('792958428'),('792966497'),('793165156'),('793167977'),('793178614'),('793184129'),('793332588'),('793426812'),('793527929'),('793542851'),('793727158'),('793759762'),('793868795'),('793948862'),('794227166'),('794251458'),('794261656'),('794913265'),('794913516'),('795133755'),('795175827'),('795183161'),('795313176'),('795631496'),('795633833'),('795687566'),('795695329'),('795712132'),('795782416'),('795798388'),('795866499'),('795887997'),('795943589'),('795993322'),('796137264'),('796175385'),('796198949'),('796341724'),('796362119'),('796379456'),('796459893'),('796466493'),('796479213'),('796575382'),('796586133'),('796665333'),('796675444'),('796716233'),('796778172'),('796889395'),('796937599'),('796982514'),('797226683'),('797372951'),('797419323'),('797427198'),('797536735'),('797551993'),('797579354'),('797597378'),('797655712'),('797689624'),('797754487'),('797953913'),('797981884'),('797985954'),('798145884'),('798183117'),('798325976'),('798546188'),('798817553'),('798835599'),('798933191'),('798947965'),('798964869'),('799186379'),('799226666'),('799245374'),('799295936'),('799366839'),('799394833'),('799396914'),('799459556'),('799467663'),('799579871'),('799668646'),('799781981'),('799849228'),('799864816'),('799877584'),('799977189'),('811121168'),('811184478'),('811234653'),('811276898'),('811433393'),('811555123'),('811667148'),('811742753'),('811779241'),('811811844'),('811813218'),('811846432'),('811877747'),('811999169'),('812118258'),('812178936'),('812233655'),('812245193'),('812264929'),('812282774'),('812359822'),('812383662'),('812518167'),('812533731'),('812587593'),('812727595'),('812775339'),('812818781'),('812867254'),('812976137'),('813141529'),('813149299'),('813149748'),('813231948'),('813233211'),('813288576'),('813346418'),('813364369'),('813416832'),('813465241'),('813533178'),('813636467'),('813719884'),('813756263'),('813828677'),('813871536'),('813998753'),('814192581'),('814193562'),('814268773'),('814277939'),('814296423'),('814454489'),('814482314'),('814493158'),('814551782'),('814612943'),('814618833'),('814657975'),('814658373'),('814675659'),('814857154'),('814895268'),('814937252'),('814988634'),('814999691'),('815296253'),('815413353'),('815415241'),('815481771'),('815656697'),('815764321'),('815945616'),('815973174'),('816135798'),('816186198'),('816218645'),('816276729'),('816277766'),('816345625'),('816419667'),('816525345'),('816557238'),('816588586'),('816687235'),('816712159'),('816776275'),('816851995'),('816852321'),('816874641'),('816962578'),('817114363'),('817123585'),('817173387'),('817221653'),('817229521'),('817248862'),('817251512'),('817317843'),('817365689'),('817428196'),('817516161'),('817584292'),('817635935'),('817684291'),('817972876'),('818326398'),('818368815'),('818528248'),('818536631'),('818749141'),('818786786'),('818787567'),('818788349'),('818812326'),('818884239'),('818911347'),('818972391'),('819299249'),('819299959'),('819364787'),('819396797'),('819444451'),('819494261'),('819556781'),('819599512'),('819672558'),('819763275'),('819947594'),('819975585'),('819981229'),('821246383'),('821273374'),('821291946'),('821347354'),('821484444'),('821587413'),('821593986'),('821859944'),('821878437'),('821881458'),('821885136'),('821994847'),('822333143'),('822339835'),('822592211'),('822622192'),('822638221'),('822729679'),('822742949'),('822817338'),('822945616'),('823287233'),('823523896'),('823634351'),('823714189'),('823781245'),('824156982'),('824338514'),('824354115'),('824367838'),('824397428'),('824497561'),('824512367'),('824644861'),('824822568'),('824867316'),('824937715'),('825198639'),('825324243'),('825448941'),('825449842'),('825582521'),('825646377'),('825812676'),('825957864'),('826179616'),('826258135'),('826281399'),('826357538'),('826377367'),('826382783'),('826411751'),('826437926'),('826452546'),('826594816'),('826887155'),('826892539'),('827115899'),('827196436'),('827257722'),('827327539'),('827327969'),('827478911'),('827697438'),('827725395'),('827727178'),('828121359'),('828127197'),('828175791'),('828381549'),('828384199'),('828468948'),('828477466'),('828631256'),('828818434'),('828915864'),('828952291'),('829236272'),('829253191'),('829314395'),('829326317'),('829457679'),('829467864'),('829491768'),('829526662'),('829592822'),('829688211'),('829717758'),('829762159'),('829857461'),('829916225'),('829951163'),('829996789'),('831177135'),('831341148'),('831351789'),('831354594'),('831442187'),('831563847'),('831589676'),('831672316'),('831677463'),('831781855'),('831813674'),('832272482'),('832274145'),('832367317'),('832555863'),('832575284'),('832579994'),('832634317'),('832797716'),('832825314'),('832877265'),('832895884'),('832946267'),('832967666'),('833121416'),('833148467'),('833249782'),('833517717'),('833545726'),('833613323'),('833625477'),('833817868'),('833875323'),('834211278'),('834212773'),('834265862'),('834286531'),('834299738'),('834329431'),('834385343'),('834412482'),('834451788'),('834476781'),('834544931'),('834556334'),('834649856'),('834659579'),('834687237'),('834724252'),('834742494'),('835137612'),('835163894'),('835417735'),('835591981'),('835599289'),('835738992'),('835814879'),('835868713'),('835913674'),('835934559'),('835942261'),('835969247'),('835974815'),('836278577'),('836317477'),('836346379'),('836458997'),('836583321'),('836629243'),('836647538'),('836687616'),('836689457'),('836738865'),('836799492'),('836862531'),('836916981'),('836991872'),('837163669'),('837181418'),('837284264'),('837354921'),('837373821'),('837413146'),('837479746'),('837514418'),('837938784'),('837962919'),('838147316'),('838148165'),('838158149'),('838184327'),('838366347'),('838396825'),('838553931'),('838591726'),('838612862'),('838694192'),('838696135'),('838751575'),('838775344'),('838791738'),('838856161'),('838991873'),('839173382'),('839182923'),('839242183'),('839248649'),('839267475'),('839278358'),('839517478'),('839678235'),('839736971'),('839881464'),('839883132'),('839891642'),('839898647'),('839928174'),('839995696'),('841124856'),('841158258'),('841211165'),('841234731'),('841276839'),('841321711'),('841365948'),('841427861'),('841714286'),('841794591'),('841924275'),('841932667'),('841976261'),('842173547'),('842529629'),('842655641'),('842838852'),('842914388'),('842936288'),('843116886'),('843212514'),('843216538'),('843245436'),('843316858'),('843422422'),('843425563'),('843469418'),('843546989'),('843667651'),('843686487'),('843749214'),('843846799'),('843867626'),('843913514'),('843944393'),('843945815'),('843995491'),('844164116'),('844197345'),('844242664'),('844334834'),('844372451'),('844453262'),('844522769'),('844581157'),('844723831'),('844773617'),('844838554'),('844927491'),('844954468'),('845184483'),('845217368'),('845352494'),('845398345'),('845437918'),('845442992'),('845554274'),('845582598'),('845586954'),('845665193'),('845919643'),('846117766'),('846138772'),('846187159'),('846195513'),('846227895'),('846431378'),('846623229'),('846771794'),('846842658'),('846867511'),('846962447'),('847194726'),('847222349'),('847248249'),('847276993'),('847315291'),('847327418'),('847384784'),('847389666'),('847391279'),('847455885'),('847545821'),('847714977'),('847772275'),('847799179'),('847838775'),('847839832'),('847889226'),('847922424'),('847924613'),('847926194'),('847961839'),('847964879'),('847968448'),('847984298'),('848135455'),('848214749'),('848236992'),('848239822'),('848277524'),('848297958'),('848385641'),('848466189'),('848615813'),('848616791'),('848682682'),('848821793'),('848946411'),('849228263'),('849248377'),('849251153'),('849271896'),('849276637'),('849284512'),('849313949'),('849348297'),('849383861'),('849546473'),('849618236'),('849637948'),('849647168'),('849677672'),('849734195'),('849833671'),('849986393'),('851192876'),('851218176'),('851389742'),('851455254'),('851748124'),('851766785'),('851848389'),('851896714'),('851962368'),('852118435'),('852233786'),('852394987'),('852434784'),('852531199'),('852543211'),('852547781'),('852618737'),('852675496'),('852715839'),('852731998'),('852885929'),('852923973'),('852941431'),('853127763'),('853251531'),('853316188'),('853318157'),('853349876'),('853415743'),('853439732'),('853441491'),('853591848'),('853615935'),('853629451'),('853641375'),('853714832'),('853747233'),('853958795'),('854127887'),('854153636'),('854232778'),('854284389'),('854337163'),('854351454'),('854398142'),('854414583'),('854673589'),('854733285'),('854835388'),('854837687'),('854839628'),('854855413'),('854972596'),('855149814'),('855156762'),('855259419'),('855329431'),('855523396'),('855569798'),('855572241'),('855591699'),('855618185'),('855625635'),('855723584'),('855731253'),('855737184'),('855751253'),('855867198'),('855882419'),('855892276'),('855913165'),('855929287'),('855939763'),('856136363'),('856187975'),('856225473'),('856286885'),('856374841'),('856452991'),('856534317'),('856597144'),('856872145'),('856927234'),('857128411'),('857171424'),('857295962'),('857315839'),('857413387'),('857413883'),('857488943'),('857544247'),('857656594'),('857665378'),('857667584'),('857692572'),('857721685'),('857744915'),('857769198'),('858184728'),('858419384'),('858423779'),('858464944'),('858586583'),('858618258'),('858662375'),('858737176'),('858931178'),('858986554'),('859195557'),('859264383'),('859421337'),('859511193'),('859594967'),('859611231'),('859689596'),('859813292'),('859842196'),('859884527'),('859923465'),('859931478'),('859953765'),('859968721'),('861156495'),('861223796'),('861223872'),('861227878'),('861234821'),('861315729'),('861473142'),('861533468'),('861582327'),('861654892'),('861661882'),('861687898'),('861761891'),('861789192'),('861888667'),('861897119'),('861973868'),('862158217'),('862189551'),('862292849'),('862334382'),('862354489'),('862361433'),('862415199'),('862646597'),('862722119'),('862814118'),('863226447'),('863342643'),('863354715'),('863385818'),('863434667'),('863435951'),('863488137'),('863527112'),('863565694'),('863616273'),('863748683'),('863762447'),('863864218'),('863921784'),('863949336'),('864114467'),('864235576'),('864262832'),('864263226'),('864338753'),('864346663'),('864494556'),('864516269'),('864624652'),('864646294'),('864693182'),('864795865'),('864815581'),('864826873'),('864839228'),('864869986'),('864961625'),('865112459'),('865255267'),('865325337'),('865371914'),('865419744'),('865482723'),('865498638'),('865853564'),('865866389'),('865962888'),('865967792'),('865977133'),('866116196'),('866151287'),('866156493'),('866269163'),('866294769'),('866344341'),('866554575'),('866572983'),('866717138'),('866851428'),('866992298'),('867164784'),('867283377'),('867376136'),('867398221'),('867451127'),('867478165'),('867479365'),('867542914'),('867572635'),('867593148'),('867613986'),('867921523'),('867958815'),('867966982'),('867979479'),('868287657'),('868361878'),('868568249'),('868661735'),('868681481'),('868757986'),('868771417'),('868827731'),('868837885'),('868856689'),('868891227'),('868988234'),('868999147'),('869111663'),('869154659'),('869197168'),('869197698'),('869321195'),('869346965'),('869369662'),('869378914'),('869394966'),('869424523'),('869471795'),('869484932'),('869565862'),('869596311'),('869628381'),('869659296'),('869691255'),('869828353'),('871125885'),('871278976'),('871337221'),('871394457'),('871636731'),('871671518'),('871826936'),('872117966'),('872135491'),('872214398'),('872223474'),('872228157'),('872349838'),('872521369'),('872555473'),('872597127'),('872668525'),('872699446'),('872734823'),('872811547'),('872819834'),('873351296'),('873359755'),('873453564'),('873517881'),('873531717'),('873548612'),('873587397'),('873617324'),('873626315'),('873712796'),('873783663'),('873815918'),('873866363'),('873878978'),('873887199'),('874311887'),('874391629'),('874499375'),('874512237'),('874762861'),('874862378'),('874922573'),('874945276'),('874989325'),('875123728'),('875165617'),('875447488'),('875492884'),('875535836'),('875577155'),('875586788'),('875624139'),('875651632'),('875659141'),('875693191'),('875694547'),('875829686'),('876153211'),('876214188'),('876238494'),('876242511'),('876417135'),('876445947'),('876463319'),('876482234'),('876511273'),('876522297'),('876524825'),('876626676'),('876666942'),('876813857'),('876869583'),('876885671'),('876897247'),('876935453'),('876955613'),('877184677'),('877283174'),('877412636'),('877495878'),('877534958'),('877565227'),('877661493'),('877675485'),('877719636'),('877721288'),('877724589'),('877943265'),('878111747'),('878126157'),('878126174'),('878173172'),('878254487'),('878323991'),('878338989'),('878367857'),('878386891'),('878457281'),('878547118'),('878548683'),('878565328'),('878572154'),('878689441'),('878739178'),('878739669'),('878822828'),('878827485'),('879177773'),('879186988'),('879223189'),('879245172'),('879373452'),('879485746'),('879486634'),('879566565'),('879784177'),('879822591'),('879839826'),('879978457'),('881131491'),('881161133'),('881254449'),('881319635'),('881422377'),('881429232'),('881466972'),('881481582'),('881684668'),('881684876'),('881692459'),('881717544'),('881738624'),('881739324'),('881742118'),('881887595'),('881912357'),('881976738'),('882134467'),('882143951'),('882144351'),('882164754'),('882174384'),('882186178'),('882226219'),('882256739'),('882341921'),('882467987'),('882558913'),('882577721'),('882663196'),('882826359'),('882864142'),('882876167'),('882927947'),('883324885'),('883351245'),('883461727'),('883515226'),('883543478'),('883565716'),('883614835'),('883631117'),('883632587'),('883639448'),('883688818'),('883787914'),('883793446'),('883849254'),('883987381'),('884176792'),('884227965'),('884332496'),('884339921'),('884366923'),('884372724'),('884395961'),('884579877'),('884737279'),('884917177'),('884924414'),('884958382'),('884973725'),('885112698'),('885188923'),('885386147'),('885415275'),('885429295'),('885432811'),('885448623'),('885452832'),('885552599'),('885565456'),('885589823'),('885594219'),('885617747'),('885676247'),('885696936'),('885719251'),('885749524'),('885873213'),('885992288'),('886297744'),('886312339'),('886316246'),('886324794'),('886457619'),('886661113'),('886796941'),('886812736'),('886846918'),('886971212'),('886982232'),('887137614'),('887193386'),('887222375'),('887456761'),('887576343'),('887693878'),('887711165'),('887748415'),('887752865'),('887768287'),('887782595'),('887986286'),('888227776'),('888389197'),('888428999'),('888544579'),('888548875'),('888566492'),('888586394'),('888614724'),('888778834'),('888972337'),('888999765'),('889268569'),('889437169'),('889437374'),('889684977'),('889723746'),('889733173'),('889762627'),('889828473'),('889829832'),('889851579'),('889927528'),('889935747'),('889969696'),('891254969'),('891266792'),('891326623'),('891441498'),('891513357'),('891532215'),('891575355'),('891591346'),('891697332'),('891698511'),('891714868'),('891719579'),('891815998'),('891841566'),('891845959'),('891921848'),('892193989'),('892328196'),('892356823'),('892381977'),('892424652'),('892449717'),('892486728'),('892574288'),('892663716'),('892734957'),('892765829'),('892771479'),('892841836'),('892866452'),('892914542'),('892938269'),('892971949'),('892992851'),('893148759'),('893232279'),('893319456'),('893467115'),('893527682'),('893566238'),('893593583'),('893678266'),('893744857'),('893777763'),('893854152'),('893864871'),('893949541'),('894168337'),('894254683'),('894274469'),('894354481'),('894357225'),('894486347'),('894545917'),('894664654'),('894818424'),('894924127'),('894961989'),('895211712'),('895281587'),('895315365'),('895394947'),('895444151'),('895473969'),('895498279'),('895549655'),('895588343'),('895699568'),('895739657'),('895745746'),('895828246'),('895931992'),('896123894'),('896149366'),('896175312'),('896367448'),('896386266'),('896475491'),('896671773'),('896795525'),('896795541'),('896985679'),('897133978'),('897231595'),('897274698'),('897419815'),('897432738'),('897537417'),('897588876'),('897595759'),('897656766'),('897734117'),('897758195'),('897819947'),('897896272'),('898115279'),('898146258'),('898148552'),('898233472'),('898275519'),('898315545'),('898615779'),('898719773'),('898728894'),('898781116'),('898834744'),('898847898'),('898863538'),('898948855'),('899346129'),('899379145'),('899384329'),('899458856'),('899526296'),('899545876'),('899615445'),('899661594'),('899667832'),('899889757'),('899916981'),('911248931'),('911266996'),('911384842'),('911394289'),('911439278'),('911537846'),('911598375'),('911648182'),('911717742'),('911748342'),('911789438'),('911858845'),('911897267'),('911928626'),('911932724'),('912126238'),('912231594'),('912297245'),('912417366'),('912494685'),('912518269'),('912527439'),('912534646'),('912825762'),('912829169'),('912848669'),('912878297'),('912883431'),('912944196'),('912971327'),('913141561'),('913269561'),('913294318'),('913358716'),('913392699'),('913417221'),('913534618'),('913556257'),('913562126'),('913649932'),('913662115'),('913684961'),('913876981'),('913996329'),('914155138'),('914194393'),('914261124'),('914325744'),('914374918'),('914515864'),('914642472'),('914752379'),('914774736'),('914842214'),('914931825'),('915123433'),('915152754'),('915213239'),('915317269'),('915381679'),('915399668'),('915415919'),('915448246'),('915495972'),('915533311'),('915546476'),('915673441'),('915726236'),('915762343'),('915772651'),('915811174'),('915817234'),('915859674'),('915895722'),('916343164'),('916399773'),('916686188'),('916865723'),('916878752'),('917178141'),('917324545'),('917325445'),('917362815'),('917387678'),('917392939'),('917472954'),('917514212'),('917538814'),('917557977'),('917562812'),('917654287'),('917662674'),('917693737'),('917758185'),('917759421'),('917766686'),('917816851'),('917884458'),('917914179'),('918196575'),('918267821'),('918273143'),('918273144'),('918295568'),('918323532'),('918383163'),('918436959'),('918446331'),('918468952'),('918522298'),('918566253'),('918657887'),('918756161'),('918765288'),('918863354'),('918927153'),('918933547'),('918945981'),('918974265'),('918993949'),('919131636'),('919132377'),('919228251'),('919252234'),('919254472'),('919534939'),('919546672'),('919678781'),('919725248'),('919754143'),('919794685'),('919882751'),('919946933'),('919976153'),('921136465'),('921273182'),('921282314'),('921292218'),('921313784'),('921315546'),('921328773'),('921397417'),('921557981'),('921558642'),('921598577'),('921612687'),('921686933'),('921699844'),('921713152'),('921765546'),('921793994'),('921951951'),('921953125'),('922124571'),('922148436'),('922161329'),('922291729'),('922314817'),('922417922'),('922474369'),('922522617'),('922523443'),('922614948'),('922926835'),('923115879'),('923139672'),('923432729'),('923447158'),('923494641'),('923711295'),('923715261'),('923834595'),('923872518'),('923882455'),('923892364'),('923991619'),('923995154'),('923995874'),('924212895'),('924288315'),('924332628'),('924389189'),('924521162'),('924576234'),('924745344'),('924745753'),('924868729'),('924898849'),('924911684'),('924977421'),('925124772'),('925297766'),('925314229'),('925387831'),('925461756'),('925477783'),('925666324'),('925736233'),('925889962'),('925911194'),('925921299'),('925986422'),('926114649'),('926143343'),('926192834'),('926237834'),('926381891'),('926397867'),('926673575'),('926711835'),('926778467'),('926861162'),('926898449'),('927121458'),('927137549'),('927335816'),('927433289'),('927446378'),('927538384'),('927562889'),('927565512'),('927786183'),('927818194'),('927993463'),('927997316'),('928122584'),('928134795'),('928151254'),('928158487'),('928232167'),('928295331'),('928316798'),('928399188'),('928421359'),('928429554'),('928543349'),('928553742'),('928563869'),('928576674'),('928612957'),('928622715'),('928628244'),('928675612'),('928783254'),('928865439'),('928941117'),('928977226'),('929122598'),('929154547'),('929379794'),('929531173'),('929547471'),('929593481'),('929618525'),('929669429'),('929769198'),('929821787'),('929862732'),('929893335'),('929969746'),('931129496'),('931145358'),('931155442'),('931173248'),('931269925'),('931284415'),('931335164'),('931398827'),('931449624'),('931485877'),('931524592'),('931526747'),('931541777'),('931551377'),('931582435'),('931587576'),('931662964'),('931736668'),('931836152'),('931847117'),('931917461'),('931942951'),('931963366'),('931965417'),('932148982'),('932332363'),('932381499'),('932417261'),('932444592'),('932458175'),('932522643'),('932526876'),('932624135'),('932642419'),('932646214'),('932729316'),('932768893'),('932833726'),('932849748'),('932884742'),('932948474'),('933135711'),('933258317'),('933317274'),('933338918'),('933475417'),('933624313'),('933676673'),('933864152'),('933952254'),('934393549'),('934445295'),('934596425'),('934645756'),('934664157'),('934674664'),('934774887'),('934783964'),('934855826'),('934856991'),('934889535'),('934913376'),('934914522'),('935221459'),('935239667'),('935322585'),('935444861'),('935527244'),('935574437'),('935678155'),('935752456'),('935834656'),('935858692'),('935872623'),('935954692'),('935967787'),('935974472'),('936239651'),('936279417'),('936362818'),('936385858'),('936389382'),('936485273'),('936589852'),('936642498'),('936676722'),('936763721'),('936833288'),('936841696'),('936984972'),('937115264'),('937164272'),('937164525'),('937214993'),('937289791'),('937435853'),('937487921'),('937594933'),('937677638'),('937711236'),('937739764'),('937783533'),('937818834'),('937833848'),('937888746'),('937889386'),('937931479'),('937942554'),('938175897'),('938254327'),('938261352'),('938268773'),('938299514'),('938357153'),('938373481'),('938458629'),('938499199'),('938556935'),('938575786'),('938611596'),('938742974'),('938748499'),('938817792'),('938823739'),('938872931'),('938886912'),('938911522'),('938938196'),('938993435'),('939147268'),('939252736'),('939344396'),('939395285'),('939416752'),('939418841'),('939453141'),('939612336'),('939612711'),('939688558'),('939733686'),('939896965'),('941117796'),('941138433'),('941155768'),('941235851'),('941296265'),('941318138'),('941444654'),('941522675'),('941533438'),('941665179'),('941677754'),('941836688'),('941913711'),('941916772'),('941931265'),('941966714'),('941966818'),('941993171'),('942122411'),('942131741'),('942143372'),('942234869'),('942253664'),('942454634'),('942599755'),('942649919'),('942674483'),('942685537'),('942763716'),('942811832'),('942812399'),('942823751'),('942862718'),('942924791'),('942984851'),('943168177'),('943296524'),('943444218'),('943498771'),('943617992'),('943623694'),('943637694'),('943675498'),('943686499'),('943716664'),('943761451'),('943775753'),('943884863'),('943933299'),('943937882'),('944135154'),('944235919'),('944349574'),('944358755'),('944367463'),('944398741'),('944665986'),('944753715'),('944764335'),('944766864'),('944827545'),('944862353'),('944913466'),('944949535'),('945125611'),('945139514'),('945149389'),('945163986'),('945189634'),('945244312'),('945311283'),('945317476'),('945319461'),('945352529'),('945357795'),('945424599'),('945449264'),('945536571'),('945546584'),('945641463'),('945643777'),('945658515'),('945678669'),('945688895'),('945712785'),('945777424'),('945821641'),('946146232'),('946167949'),('946219597'),('946313365'),('946433581'),('946541586'),('946558996'),('946643188'),('946647358'),('946769968'),('946865253'),('946996349'),('946999233'),('947111977'),('947224728'),('947242726'),('947286216'),('947328499'),('947439113'),('947555326'),('947576832'),('947591385'),('947615522'),('947647992'),('947865237'),('947869644'),('947896263'),('947984861'),('947998561'),('948113733'),('948198456'),('948231164'),('948255321'),('948394816'),('948465132'),('948468969'),('948469179'),('948514651'),('948554966'),('948678295'),('948971413'),('949127538'),('949141556'),('949152536'),('949314999'),('949386854'),('949394932'),('949471732'),('949548361'),('949556133'),('949578512'),('949621611'),('949635584'),('949677439'),('949693786'),('949765679'),('949766193'),('949776285'),('949825945'),('949959415'),('951116928'),('951247974'),('951298727'),('951462589'),('951485654'),('951916751'),('951959551'),('951996349'),('952123464'),('952224238'),('952259363'),('952336246'),('952459897'),('952517889'),('952554417'),('952574212'),('952574714'),('952595521'),('952752266'),('952756641'),('952837417'),('952844138'),('952967645'),('953125982'),('953163666'),('953176335'),('953247637'),('953255496'),('953273252'),('953375896'),('953416268'),('953555612'),('953643884'),('953784936'),('953825248'),('953983325'),('953999666'),('954181119'),('954219253'),('954355123'),('954482368'),('954527431'),('954599235'),('954679642'),('954724517'),('954741845'),('954831593'),('954948272'),('954959579'),('955119898'),('955262766'),('955371645'),('955385374'),('955486177'),('955496123'),('955535158'),('955559365'),('955586193'),('955639647'),('955653427'),('955711492'),('955844153'),('955844791'),('955874242'),('956174167'),('956219767'),('956222718'),('956228317'),('956291295'),('956292329'),('956364215'),('956364475'),('956381162'),('956417314'),('956533822'),('956534153'),('956543389'),('956673339'),('956698993'),('956893154'),('957153476'),('957359821'),('957386438'),('957472933'),('957638143'),('957677172'),('957695132'),('957777417'),('958148983'),('958228783'),('958266922'),('958273714'),('958277647'),('958287147'),('958616772'),('958849157'),('958937777'),('958996866'),('959137548'),('959168358'),('959199376'),('959329789'),('959338562'),('959344176'),('959369187'),('959387761'),('959526598'),('959586433'),('959743468'),('959853858'),('959869934'),('959899624'),('959992353'),('961136759'),('961191239'),('961233929'),('961269575'),('961272136'),('961293831'),('961339359'),('961459399'),('961538727'),('961577464'),('961586612'),('961642141'),('961696964'),('961712219'),('961726497'),('961726835'),('961833233'),('961968941'),('961997695'),('961999715'),('962145982'),('962329536'),('962349692'),('962457262'),('962467535'),('962615957'),('962719526'),('962779181'),('962818379'),('962836953'),('962898826'),('962959152'),('962965143'),('963142322'),('963148475'),('963218242'),('963273136'),('963287886'),('963355761'),('963383879'),('963549981'),('963688951'),('963698857'),('963766843'),('963946965'),('964319723'),('964383817'),('964389188'),('964425885'),('964446731'),('964573937'),('964624819'),('964647779'),('964668293'),('964841925'),('964895755'),('965179892'),('965194876'),('965351124'),('965458193'),('965483375'),('965492496'),('965636794'),('965676533'),('965722551'),('965729278'),('965919373'),('966118986'),('966139141'),('966186876'),('966282476'),('966326813'),('966339241'),('966371414'),('966669218'),('966683442'),('966719553'),('966785298'),('966924273'),('967215825'),('967351126'),('967358954'),('967382848'),('967387167'),('967394947'),('967436777'),('967499917'),('967556447'),('967581129'),('967665264'),('967953468'),('968224381'),('968259336'),('968292756'),('968375564'),('968452682'),('968519691'),('968567525'),('968573337'),('968592312'),('968644544'),('968679889'),('968745819'),('968861133'),('968914245'),('969144398'),('969154365'),('969269429'),('969474398'),('969487984'),('969497224'),('969515252'),('969651774'),('969756876'),('969759218'),('969914155'),('971124387'),('971271364'),('971318291'),('971469946'),('971492675'),('971527721'),('971648246'),('971725391'),('971779144'),('971812182'),('971831441'),('971914232'),('971923843'),('971939252'),('971963474'),('972122851'),('972132437'),('972135278'),('972264319'),('972278765'),('972288667'),('972298217'),('972366261'),('972378386'),('972395216'),('972461173'),('972532693'),('972646699'),('972834729'),('972947627'),('972953945'),('972957723'),('972975387'),('973122568'),('973236695'),('973343845'),('973449898'),('973462793'),('973651883'),('973824161'),('973877488'),('973915517'),('973981845'),('974252877'),('974312172'),('974482218'),('974499582'),('974563767'),('974668385'),('974769333'),('974784997'),('974961581'),('975211611'),('975255881'),('975327849'),('975367241'),('975481565'),('975774274'),('975839523'),('975958134'),('975994221'),('976243142'),('976255735'),('976271859'),('976298523'),('976326377'),('976427851'),('976534116'),('976569582'),('976571384'),('976666898'),('976765281'),('976882776'),('976967582'),('977132861'),('977155119'),('977226589'),('977312545'),('977338678'),('977457754'),('977491237'),('977521357'),('977626894'),('977828666'),('977831628'),('977835926'),('977951428'),('978174373'),('978175861'),('978279371'),('978374224'),('978392264'),('978442166'),('978512756'),('978632415'),('978638655'),('978669936'),('978825797'),('978874241'),('978878957'),('978973276'),('979184822'),('979269634'),('979659639'),('979685882'),('979726323'),('979812966'),('979936125'),('979997313'),('981117787'),('981134827'),('981151962'),('981164739'),('981184429'),('981195611'),('981211391'),('981287777'),('981447375'),('981524873'),('981534777'),('981714821'),('981725556'),('981783978'),('981886398'),('981887155'),('981924514'),('981945512'),('982114612'),('982119187'),('982218536'),('982259428'),('982318566'),('982358974'),('982458299'),('982486839'),('982576365'),('982649819'),('982718358'),('982756561'),('982913896'),('982921536'),('982958334'),('982973995'),('982995592'),('983149197'),('983159944'),('983195831'),('983231383'),('983231719'),('983345827'),('983431236'),('983456524'),('983476281'),('983521296'),('983555534'),('983575219'),('983646188'),('983683711'),('983957452'),('983993584'),('984213588'),('984337427'),('984369847'),('984434698'),('984553313'),('984611692'),('984625981'),('984628648'),('984712697'),('984742238'),('984855877'),('984921777'),('984924971'),('985148572'),('985325828'),('985333649'),('985357184'),('985422336'),('985431327'),('985519268'),('985525984'),('985594551'),('985768675'),('985799224'),('985887194'),('985956289'),('985981112'),('986187287'),('986351279'),('986386476'),('986486598'),('986487718'),('986515969'),('986525495'),('986541425'),('986548194'),('986669978'),('986753574'),('986869417'),('987112182'),('987154357'),('987317156'),('987512465'),('987697186'),('987711828'),('987761866'),('987857822'),('987894696'),('987921858'),('987966636'),('988134394'),('988177436'),('988177462'),('988276917'),('988287671'),('988351474'),('988384159'),('988389699'),('988397584'),('988626267'),('988677283'),('988793231'),('988962611'),('988993835'),('989188341'),('989267156'),('989267594'),('989272493'),('989285179'),('989367573'),('989432212'),('989583564'),('989639436'),('989737295'),('989988423'),('991231581'),('991271248'),('991277273'),('991345948'),('991352122'),('991373383'),('991548863'),('991956298'),('991994697'),('992117318'),('992376147'),('992389336'),('992485277'),('992879856'),('992885937'),('992947192'),('993143561'),('993225222'),('993226329'),('993228771'),('993257299'),('993285853'),('993332554'),('993433752'),('993435349'),('993445832'),('993546483'),('993673752'),('993824629'),('993969467'),('994156763'),('994196969'),('994296545'),('994361993'),('994477899'),('994525283'),('994569466'),('994668577'),('994743237'),('994796874'),('994842767'),('994913253'),('994989266'),('994991778'),('995124268'),('995163297'),('995424535'),('995443474'),('995469469'),('995589831'),('995591535'),('995648793'),('995663328'),('995741895'),('995759114'),('995941291'),('995948597'),('996243367'),('996263971'),('996323498'),('996344382'),('996434414'),('996556269'),('996579481'),('996592434'),('996615848'),('996724449'),('996825496'),('996835319'),('996892879'),('996912847'),('996919832'),('996967984'),('996974283'),('997113318'),('997137394'),('997149886'),('997278279'),('997318336'),('997331813'),('997355659'),('997361365'),('997387849'),('997566469'),('997649558'),('997674113'),('997679962'),('997753348'),('997756582'),('997766749'),('997834689'),('997848646'),('997863219'),('997868421'),('997899627'),('997939638'),('998113427'),('998132492'),('998135993'),('998265839'),('998282718'),('998392535'),('998448877'),('998486141'),('998578134'),('998581697'),('998599228'),('998734596'),('998756387'),('998779192'),('998794491'),('998795259'),('998819817'),('998937989'),('999213679'),('999247692'),('999337576'),('999415688'),('999647817'),('999653749'),('999657933'),('999683411'),('999718519'),('999742911'),('999792859'),('999979877');
/*!40000 ALTER TABLE `email_verification_codes` ENABLE KEYS */;
UNLOCK TABLES;

--
-- Table structure for table `freelancer_main_tags`
--

DROP TABLE IF EXISTS `freelancer_main_tags`;
/*!40101 SET @saved_cs_client     = @@character_set_client */;
/*!50503 SET character_set_client = utf8mb4 */;
CREATE TABLE `freelancer_main_tags` (
  `freelancer_id` int NOT NULL,
  `main_tag_id` int NOT NULL,
  PRIMARY KEY (`freelancer_id`),
  KEY `main_tag_id_INDEX` (`main_tag_id`),
  CONSTRAINT `fk_freelancer_main_tags_freelancers1` FOREIGN KEY (`freelancer_id`) REFERENCES `freelancers` (`freelancer_id`) ON DELETE CASCADE ON UPDATE CASCADE,
  CONSTRAINT `fk_freelancer_main_tags_main_tags1` FOREIGN KEY (`main_tag_id`) REFERENCES `main_tags` (`tag_id`) ON DELETE CASCADE ON UPDATE CASCADE
) ENGINE=InnoDB DEFAULT CHARSET=utf8mb3 COLLATE=utf8_unicode_ci;
/*!40101 SET character_set_client = @saved_cs_client */;

--
-- Dumping data for table `freelancer_main_tags`
--

LOCK TABLES `freelancer_main_tags` WRITE;
/*!40000 ALTER TABLE `freelancer_main_tags` DISABLE KEYS */;
/*!40000 ALTER TABLE `freelancer_main_tags` ENABLE KEYS */;
UNLOCK TABLES;

--
-- Table structure for table `freelancer_pdfs`
--

DROP TABLE IF EXISTS `freelancer_pdfs`;
/*!40101 SET @saved_cs_client     = @@character_set_client */;
/*!50503 SET character_set_client = utf8mb4 */;
CREATE TABLE `freelancer_pdfs` (
  `freelancer_id` int NOT NULL,
  `pdf_path` varchar(200) COLLATE utf8_unicode_ci NOT NULL,
  PRIMARY KEY (`freelancer_id`,`pdf_path`),
  CONSTRAINT `fk_freelancer_pdfs_freelancers1` FOREIGN KEY (`freelancer_id`) REFERENCES `freelancers` (`freelancer_id`) ON DELETE CASCADE ON UPDATE CASCADE
) ENGINE=InnoDB DEFAULT CHARSET=utf8mb3 COLLATE=utf8_unicode_ci;
/*!40101 SET character_set_client = @saved_cs_client */;

--
-- Dumping data for table `freelancer_pdfs`
--

LOCK TABLES `freelancer_pdfs` WRITE;
/*!40000 ALTER TABLE `freelancer_pdfs` DISABLE KEYS */;
INSERT INTO `freelancer_pdfs` VALUES (1,'h:/root/home/tareqmahmood-001/www/prohub/Freelancing Project Assets/PDFs/1.pdf'),(1,'h:/root/home/tareqmahmood-001/www/prohub/Freelancing Project Assets/PDFs/2.pdf'),(1,'h:/root/home/tareqmahmood-001/www/prohub/Freelancing Project Assets/PDFs/3.pdf'),(1,'h:/root/home/tareqmahmood-001/www/prohub/Freelancing Project Assets/PDFs/4.pdf'),(1,'h:/root/home/tareqmahmood-001/www/prohub/Freelancing Project Assets/PDFs/5.pdf'),(2,'h:/root/home/tareqmahmood-001/www/prohub/Freelancing Project Assets/PDFs/10.pdf'),(2,'h:/root/home/tareqmahmood-001/www/prohub/Freelancing Project Assets/PDFs/6.pdf'),(2,'h:/root/home/tareqmahmood-001/www/prohub/Freelancing Project Assets/PDFs/7.pdf'),(2,'h:/root/home/tareqmahmood-001/www/prohub/Freelancing Project Assets/PDFs/8.pdf'),(2,'h:/root/home/tareqmahmood-001/www/prohub/Freelancing Project Assets/PDFs/9.pdf'),(3,'h:/root/home/tareqmahmood-001/www/prohub/Freelancing Project Assets/PDFs/11.pdf'),(3,'h:/root/home/tareqmahmood-001/www/prohub/Freelancing Project Assets/PDFs/12.pdf'),(3,'h:/root/home/tareqmahmood-001/www/prohub/Freelancing Project Assets/PDFs/13.pdf'),(3,'h:/root/home/tareqmahmood-001/www/prohub/Freelancing Project Assets/PDFs/14.pdf'),(3,'h:/root/home/tareqmahmood-001/www/prohub/Freelancing Project Assets/PDFs/15.pdf'),(4,'h:/root/home/tareqmahmood-001/www/prohub/Freelancing Project Assets/PDFs/16.pdf'),(4,'h:/root/home/tareqmahmood-001/www/prohub/Freelancing Project Assets/PDFs/17.pdf'),(4,'h:/root/home/tareqmahmood-001/www/prohub/Freelancing Project Assets/PDFs/18.pdf'),(4,'h:/root/home/tareqmahmood-001/www/prohub/Freelancing Project Assets/PDFs/19.pdf'),(4,'h:/root/home/tareqmahmood-001/www/prohub/Freelancing Project Assets/PDFs/20.pdf'),(5,'h:/root/home/tareqmahmood-001/www/prohub/Freelancing Project Assets/PDFs/21.pdf'),(5,'h:/root/home/tareqmahmood-001/www/prohub/Freelancing Project Assets/PDFs/22.pdf'),(5,'h:/root/home/tareqmahmood-001/www/prohub/Freelancing Project Assets/PDFs/23.pdf'),(5,'h:/root/home/tareqmahmood-001/www/prohub/Freelancing Project Assets/PDFs/24.pdf'),(5,'h:/root/home/tareqmahmood-001/www/prohub/Freelancing Project Assets/PDFs/25.pdf'),(6,'h:/root/home/tareqmahmood-001/www/prohub/Freelancing Project Assets/PDFs/26.pdf'),(6,'h:/root/home/tareqmahmood-001/www/prohub/Freelancing Project Assets/PDFs/27.pdf'),(6,'h:/root/home/tareqmahmood-001/www/prohub/Freelancing Project Assets/PDFs/28.pdf'),(6,'h:/root/home/tareqmahmood-001/www/prohub/Freelancing Project Assets/PDFs/29.pdf'),(6,'h:/root/home/tareqmahmood-001/www/prohub/Freelancing Project Assets/PDFs/30.pdf'),(7,'h:/root/home/tareqmahmood-001/www/prohub/Freelancing Project Assets/PDFs/31.pdf'),(7,'h:/root/home/tareqmahmood-001/www/prohub/Freelancing Project Assets/PDFs/32.pdf'),(7,'h:/root/home/tareqmahmood-001/www/prohub/Freelancing Project Assets/PDFs/33.pdf'),(7,'h:/root/home/tareqmahmood-001/www/prohub/Freelancing Project Assets/PDFs/34.pdf'),(7,'h:/root/home/tareqmahmood-001/www/prohub/Freelancing Project Assets/PDFs/35.pdf'),(8,'h:/root/home/tareqmahmood-001/www/prohub/Freelancing Project Assets/PDFs/36.pdf'),(8,'h:/root/home/tareqmahmood-001/www/prohub/Freelancing Project Assets/PDFs/37.pdf'),(8,'h:/root/home/tareqmahmood-001/www/prohub/Freelancing Project Assets/PDFs/38.pdf'),(8,'h:/root/home/tareqmahmood-001/www/prohub/Freelancing Project Assets/PDFs/39.pdf'),(8,'h:/root/home/tareqmahmood-001/www/prohub/Freelancing Project Assets/PDFs/40.pdf'),(9,'h:/root/home/tareqmahmood-001/www/prohub/Freelancing Project Assets/PDFs/41.pdf'),(9,'h:/root/home/tareqmahmood-001/www/prohub/Freelancing Project Assets/PDFs/42.pdf'),(9,'h:/root/home/tareqmahmood-001/www/prohub/Freelancing Project Assets/PDFs/43.pdf'),(9,'h:/root/home/tareqmahmood-001/www/prohub/Freelancing Project Assets/PDFs/44.pdf'),(9,'h:/root/home/tareqmahmood-001/www/prohub/Freelancing Project Assets/PDFs/45.pdf'),(10,'h:/root/home/tareqmahmood-001/www/prohub/Freelancing Project Assets/PDFs/46.pdf'),(10,'h:/root/home/tareqmahmood-001/www/prohub/Freelancing Project Assets/PDFs/47.pdf'),(10,'h:/root/home/tareqmahmood-001/www/prohub/Freelancing Project Assets/PDFs/48.pdf'),(10,'h:/root/home/tareqmahmood-001/www/prohub/Freelancing Project Assets/PDFs/49.pdf'),(10,'h:/root/home/tareqmahmood-001/www/prohub/Freelancing Project Assets/PDFs/50.pdf'),(11,'h:/root/home/tareqmahmood-001/www/prohub/Freelancing Project Assets/PDFs/51.pdf'),(11,'h:/root/home/tareqmahmood-001/www/prohub/Freelancing Project Assets/PDFs/52.pdf'),(11,'h:/root/home/tareqmahmood-001/www/prohub/Freelancing Project Assets/PDFs/53.pdf'),(11,'h:/root/home/tareqmahmood-001/www/prohub/Freelancing Project Assets/PDFs/54.pdf'),(11,'h:/root/home/tareqmahmood-001/www/prohub/Freelancing Project Assets/PDFs/55.pdf'),(12,'h:/root/home/tareqmahmood-001/www/prohub/Freelancing Project Assets/PDFs/56.pdf'),(12,'h:/root/home/tareqmahmood-001/www/prohub/Freelancing Project Assets/PDFs/57.pdf'),(12,'h:/root/home/tareqmahmood-001/www/prohub/Freelancing Project Assets/PDFs/58.pdf'),(12,'h:/root/home/tareqmahmood-001/www/prohub/Freelancing Project Assets/PDFs/59.pdf'),(12,'h:/root/home/tareqmahmood-001/www/prohub/Freelancing Project Assets/PDFs/60.pdf'),(13,'h:/root/home/tareqmahmood-001/www/prohub/Freelancing Project Assets/PDFs/61.pdf'),(13,'h:/root/home/tareqmahmood-001/www/prohub/Freelancing Project Assets/PDFs/62.pdf'),(13,'h:/root/home/tareqmahmood-001/www/prohub/Freelancing Project Assets/PDFs/63.pdf'),(13,'h:/root/home/tareqmahmood-001/www/prohub/Freelancing Project Assets/PDFs/64.pdf'),(13,'h:/root/home/tareqmahmood-001/www/prohub/Freelancing Project Assets/PDFs/65.pdf'),(14,'h:/root/home/tareqmahmood-001/www/prohub/Freelancing Project Assets/PDFs/66.pdf'),(14,'h:/root/home/tareqmahmood-001/www/prohub/Freelancing Project Assets/PDFs/67.pdf'),(14,'h:/root/home/tareqmahmood-001/www/prohub/Freelancing Project Assets/PDFs/68.pdf'),(14,'h:/root/home/tareqmahmood-001/www/prohub/Freelancing Project Assets/PDFs/69.pdf'),(14,'h:/root/home/tareqmahmood-001/www/prohub/Freelancing Project Assets/PDFs/70.pdf'),(15,'h:/root/home/tareqmahmood-001/www/prohub/Freelancing Project Assets/PDFs/71.pdf'),(15,'h:/root/home/tareqmahmood-001/www/prohub/Freelancing Project Assets/PDFs/72.pdf'),(15,'h:/root/home/tareqmahmood-001/www/prohub/Freelancing Project Assets/PDFs/73.pdf'),(15,'h:/root/home/tareqmahmood-001/www/prohub/Freelancing Project Assets/PDFs/74.pdf'),(15,'h:/root/home/tareqmahmood-001/www/prohub/Freelancing Project Assets/PDFs/75.pdf'),(16,'h:/root/home/tareqmahmood-001/www/prohub/Freelancing Project Assets/PDFs/76.pdf'),(16,'h:/root/home/tareqmahmood-001/www/prohub/Freelancing Project Assets/PDFs/77.pdf'),(16,'h:/root/home/tareqmahmood-001/www/prohub/Freelancing Project Assets/PDFs/78.pdf'),(16,'h:/root/home/tareqmahmood-001/www/prohub/Freelancing Project Assets/PDFs/79.pdf'),(16,'h:/root/home/tareqmahmood-001/www/prohub/Freelancing Project Assets/PDFs/80.pdf'),(17,'h:/root/home/tareqmahmood-001/www/prohub/Freelancing Project Assets/PDFs/81.pdf'),(17,'h:/root/home/tareqmahmood-001/www/prohub/Freelancing Project Assets/PDFs/82.pdf'),(17,'h:/root/home/tareqmahmood-001/www/prohub/Freelancing Project Assets/PDFs/83.pdf'),(17,'h:/root/home/tareqmahmood-001/www/prohub/Freelancing Project Assets/PDFs/84.pdf'),(17,'h:/root/home/tareqmahmood-001/www/prohub/Freelancing Project Assets/PDFs/85.pdf'),(18,'h:/root/home/tareqmahmood-001/www/prohub/Freelancing Project Assets/PDFs/86.pdf'),(18,'h:/root/home/tareqmahmood-001/www/prohub/Freelancing Project Assets/PDFs/87.pdf'),(18,'h:/root/home/tareqmahmood-001/www/prohub/Freelancing Project Assets/PDFs/88.pdf'),(18,'h:/root/home/tareqmahmood-001/www/prohub/Freelancing Project Assets/PDFs/89.pdf'),(18,'h:/root/home/tareqmahmood-001/www/prohub/Freelancing Project Assets/PDFs/90.pdf'),(19,'h:/root/home/tareqmahmood-001/www/prohub/Freelancing Project Assets/PDFs/91.pdf'),(19,'h:/root/home/tareqmahmood-001/www/prohub/Freelancing Project Assets/PDFs/92.pdf'),(19,'h:/root/home/tareqmahmood-001/www/prohub/Freelancing Project Assets/PDFs/93.pdf'),(19,'h:/root/home/tareqmahmood-001/www/prohub/Freelancing Project Assets/PDFs/94.pdf'),(19,'h:/root/home/tareqmahmood-001/www/prohub/Freelancing Project Assets/PDFs/95.pdf'),(20,'h:/root/home/tareqmahmood-001/www/prohub/Freelancing Project Assets/PDFs/100.pdf'),(20,'h:/root/home/tareqmahmood-001/www/prohub/Freelancing Project Assets/PDFs/96.pdf'),(20,'h:/root/home/tareqmahmood-001/www/prohub/Freelancing Project Assets/PDFs/97.pdf'),(20,'h:/root/home/tareqmahmood-001/www/prohub/Freelancing Project Assets/PDFs/98.pdf'),(20,'h:/root/home/tareqmahmood-001/www/prohub/Freelancing Project Assets/PDFs/99.pdf'),(51,'h:/root/home/tareqmahmood-001/www/prohub/Freelancing Project Assets/PDFs/101.pdf'),(51,'h:/root/home/tareqmahmood-001/www/prohub/Freelancing Project Assets/PDFs/102.pdf'),(51,'h:/root/home/tareqmahmood-001/www/prohub/Freelancing Project Assets/PDFs/103.pdf'),(51,'h:/root/home/tareqmahmood-001/www/prohub/Freelancing Project Assets/PDFs/104.pdf'),(51,'h:/root/home/tareqmahmood-001/www/prohub/Freelancing Project Assets/PDFs/105.pdf'),(52,'h:/root/home/tareqmahmood-001/www/prohub/Freelancing Project Assets/PDFs/106.pdf'),(52,'h:/root/home/tareqmahmood-001/www/prohub/Freelancing Project Assets/PDFs/107.pdf'),(52,'h:/root/home/tareqmahmood-001/www/prohub/Freelancing Project Assets/PDFs/108.pdf'),(52,'h:/root/home/tareqmahmood-001/www/prohub/Freelancing Project Assets/PDFs/109.pdf'),(52,'h:/root/home/tareqmahmood-001/www/prohub/Freelancing Project Assets/PDFs/110.pdf'),(53,'h:/root/home/tareqmahmood-001/www/prohub/Freelancing Project Assets/PDFs/111.pdf'),(53,'h:/root/home/tareqmahmood-001/www/prohub/Freelancing Project Assets/PDFs/112.pdf'),(53,'h:/root/home/tareqmahmood-001/www/prohub/Freelancing Project Assets/PDFs/113.pdf'),(53,'h:/root/home/tareqmahmood-001/www/prohub/Freelancing Project Assets/PDFs/114.pdf'),(53,'h:/root/home/tareqmahmood-001/www/prohub/Freelancing Project Assets/PDFs/115.pdf'),(54,'h:/root/home/tareqmahmood-001/www/prohub/Freelancing Project Assets/PDFs/116.pdf'),(54,'h:/root/home/tareqmahmood-001/www/prohub/Freelancing Project Assets/PDFs/117.pdf'),(54,'h:/root/home/tareqmahmood-001/www/prohub/Freelancing Project Assets/PDFs/118.pdf'),(54,'h:/root/home/tareqmahmood-001/www/prohub/Freelancing Project Assets/PDFs/119.pdf'),(54,'h:/root/home/tareqmahmood-001/www/prohub/Freelancing Project Assets/PDFs/120.pdf'),(55,'h:/root/home/tareqmahmood-001/www/prohub/Freelancing Project Assets/PDFs/121.pdf'),(55,'h:/root/home/tareqmahmood-001/www/prohub/Freelancing Project Assets/PDFs/122.pdf'),(55,'h:/root/home/tareqmahmood-001/www/prohub/Freelancing Project Assets/PDFs/123.pdf'),(55,'h:/root/home/tareqmahmood-001/www/prohub/Freelancing Project Assets/PDFs/124.pdf'),(55,'h:/root/home/tareqmahmood-001/www/prohub/Freelancing Project Assets/PDFs/125.pdf'),(56,'h:/root/home/tareqmahmood-001/www/prohub/Freelancing Project Assets/PDFs/126.pdf'),(56,'h:/root/home/tareqmahmood-001/www/prohub/Freelancing Project Assets/PDFs/127.pdf'),(56,'h:/root/home/tareqmahmood-001/www/prohub/Freelancing Project Assets/PDFs/128.pdf'),(56,'h:/root/home/tareqmahmood-001/www/prohub/Freelancing Project Assets/PDFs/129.pdf'),(56,'h:/root/home/tareqmahmood-001/www/prohub/Freelancing Project Assets/PDFs/130.pdf'),(57,'h:/root/home/tareqmahmood-001/www/prohub/Freelancing Project Assets/PDFs/131.pdf'),(57,'h:/root/home/tareqmahmood-001/www/prohub/Freelancing Project Assets/PDFs/132.pdf'),(57,'h:/root/home/tareqmahmood-001/www/prohub/Freelancing Project Assets/PDFs/133.pdf'),(57,'h:/root/home/tareqmahmood-001/www/prohub/Freelancing Project Assets/PDFs/134.pdf'),(57,'h:/root/home/tareqmahmood-001/www/prohub/Freelancing Project Assets/PDFs/135.pdf'),(58,'h:/root/home/tareqmahmood-001/www/prohub/Freelancing Project Assets/PDFs/136.pdf'),(58,'h:/root/home/tareqmahmood-001/www/prohub/Freelancing Project Assets/PDFs/137.pdf'),(58,'h:/root/home/tareqmahmood-001/www/prohub/Freelancing Project Assets/PDFs/138.pdf'),(58,'h:/root/home/tareqmahmood-001/www/prohub/Freelancing Project Assets/PDFs/139.pdf'),(58,'h:/root/home/tareqmahmood-001/www/prohub/Freelancing Project Assets/PDFs/140.pdf'),(59,'h:/root/home/tareqmahmood-001/www/prohub/Freelancing Project Assets/PDFs/141.pdf'),(59,'h:/root/home/tareqmahmood-001/www/prohub/Freelancing Project Assets/PDFs/142.pdf'),(59,'h:/root/home/tareqmahmood-001/www/prohub/Freelancing Project Assets/PDFs/143.pdf'),(59,'h:/root/home/tareqmahmood-001/www/prohub/Freelancing Project Assets/PDFs/144.pdf'),(59,'h:/root/home/tareqmahmood-001/www/prohub/Freelancing Project Assets/PDFs/145.pdf'),(60,'h:/root/home/tareqmahmood-001/www/prohub/Freelancing Project Assets/PDFs/146.pdf'),(60,'h:/root/home/tareqmahmood-001/www/prohub/Freelancing Project Assets/PDFs/147.pdf'),(60,'h:/root/home/tareqmahmood-001/www/prohub/Freelancing Project Assets/PDFs/148.pdf'),(60,'h:/root/home/tareqmahmood-001/www/prohub/Freelancing Project Assets/PDFs/149.pdf'),(60,'h:/root/home/tareqmahmood-001/www/prohub/Freelancing Project Assets/PDFs/150.pdf'),(61,'h:/root/home/tareqmahmood-001/www/prohub/Freelancing Project Assets/PDFs/151.pdf'),(61,'h:/root/home/tareqmahmood-001/www/prohub/Freelancing Project Assets/PDFs/152.pdf'),(61,'h:/root/home/tareqmahmood-001/www/prohub/Freelancing Project Assets/PDFs/153.pdf'),(61,'h:/root/home/tareqmahmood-001/www/prohub/Freelancing Project Assets/PDFs/154.pdf'),(61,'h:/root/home/tareqmahmood-001/www/prohub/Freelancing Project Assets/PDFs/155.pdf'),(62,'h:/root/home/tareqmahmood-001/www/prohub/Freelancing Project Assets/PDFs/156.pdf'),(62,'h:/root/home/tareqmahmood-001/www/prohub/Freelancing Project Assets/PDFs/157.pdf'),(62,'h:/root/home/tareqmahmood-001/www/prohub/Freelancing Project Assets/PDFs/158.pdf'),(62,'h:/root/home/tareqmahmood-001/www/prohub/Freelancing Project Assets/PDFs/159.pdf'),(62,'h:/root/home/tareqmahmood-001/www/prohub/Freelancing Project Assets/PDFs/160.pdf'),(63,'h:/root/home/tareqmahmood-001/www/prohub/Freelancing Project Assets/PDFs/161.pdf'),(63,'h:/root/home/tareqmahmood-001/www/prohub/Freelancing Project Assets/PDFs/162.pdf'),(63,'h:/root/home/tareqmahmood-001/www/prohub/Freelancing Project Assets/PDFs/163.pdf'),(63,'h:/root/home/tareqmahmood-001/www/prohub/Freelancing Project Assets/PDFs/164.pdf'),(63,'h:/root/home/tareqmahmood-001/www/prohub/Freelancing Project Assets/PDFs/165.pdf'),(64,'h:/root/home/tareqmahmood-001/www/prohub/Freelancing Project Assets/PDFs/166.pdf'),(64,'h:/root/home/tareqmahmood-001/www/prohub/Freelancing Project Assets/PDFs/167.pdf'),(64,'h:/root/home/tareqmahmood-001/www/prohub/Freelancing Project Assets/PDFs/168.pdf'),(64,'h:/root/home/tareqmahmood-001/www/prohub/Freelancing Project Assets/PDFs/169.pdf'),(64,'h:/root/home/tareqmahmood-001/www/prohub/Freelancing Project Assets/PDFs/170.pdf'),(65,'h:/root/home/tareqmahmood-001/www/prohub/Freelancing Project Assets/PDFs/171.pdf'),(65,'h:/root/home/tareqmahmood-001/www/prohub/Freelancing Project Assets/PDFs/172.pdf'),(65,'h:/root/home/tareqmahmood-001/www/prohub/Freelancing Project Assets/PDFs/173.pdf'),(65,'h:/root/home/tareqmahmood-001/www/prohub/Freelancing Project Assets/PDFs/174.pdf'),(65,'h:/root/home/tareqmahmood-001/www/prohub/Freelancing Project Assets/PDFs/175.pdf'),(66,'h:/root/home/tareqmahmood-001/www/prohub/Freelancing Project Assets/PDFs/176.pdf'),(66,'h:/root/home/tareqmahmood-001/www/prohub/Freelancing Project Assets/PDFs/177.pdf'),(66,'h:/root/home/tareqmahmood-001/www/prohub/Freelancing Project Assets/PDFs/178.pdf'),(66,'h:/root/home/tareqmahmood-001/www/prohub/Freelancing Project Assets/PDFs/179.pdf'),(66,'h:/root/home/tareqmahmood-001/www/prohub/Freelancing Project Assets/PDFs/180.pdf'),(67,'h:/root/home/tareqmahmood-001/www/prohub/Freelancing Project Assets/PDFs/181.pdf'),(67,'h:/root/home/tareqmahmood-001/www/prohub/Freelancing Project Assets/PDFs/182.pdf'),(67,'h:/root/home/tareqmahmood-001/www/prohub/Freelancing Project Assets/PDFs/183.pdf'),(67,'h:/root/home/tareqmahmood-001/www/prohub/Freelancing Project Assets/PDFs/184.pdf'),(67,'h:/root/home/tareqmahmood-001/www/prohub/Freelancing Project Assets/PDFs/185.pdf'),(68,'h:/root/home/tareqmahmood-001/www/prohub/Freelancing Project Assets/PDFs/186.pdf'),(68,'h:/root/home/tareqmahmood-001/www/prohub/Freelancing Project Assets/PDFs/187.pdf'),(68,'h:/root/home/tareqmahmood-001/www/prohub/Freelancing Project Assets/PDFs/188.pdf'),(68,'h:/root/home/tareqmahmood-001/www/prohub/Freelancing Project Assets/PDFs/189.pdf'),(68,'h:/root/home/tareqmahmood-001/www/prohub/Freelancing Project Assets/PDFs/190.pdf'),(69,'h:/root/home/tareqmahmood-001/www/prohub/Freelancing Project Assets/PDFs/191.pdf'),(69,'h:/root/home/tareqmahmood-001/www/prohub/Freelancing Project Assets/PDFs/192.pdf'),(69,'h:/root/home/tareqmahmood-001/www/prohub/Freelancing Project Assets/PDFs/193.pdf'),(69,'h:/root/home/tareqmahmood-001/www/prohub/Freelancing Project Assets/PDFs/194.pdf'),(69,'h:/root/home/tareqmahmood-001/www/prohub/Freelancing Project Assets/PDFs/195.pdf'),(70,'h:/root/home/tareqmahmood-001/www/prohub/Freelancing Project Assets/PDFs/196.pdf'),(70,'h:/root/home/tareqmahmood-001/www/prohub/Freelancing Project Assets/PDFs/197.pdf'),(70,'h:/root/home/tareqmahmood-001/www/prohub/Freelancing Project Assets/PDFs/198.pdf'),(70,'h:/root/home/tareqmahmood-001/www/prohub/Freelancing Project Assets/PDFs/199.pdf'),(70,'h:/root/home/tareqmahmood-001/www/prohub/Freelancing Project Assets/PDFs/200.pdf');
/*!40000 ALTER TABLE `freelancer_pdfs` ENABLE KEYS */;
UNLOCK TABLES;

--
-- Table structure for table `freelancer_tags`
--

DROP TABLE IF EXISTS `freelancer_tags`;
/*!40101 SET @saved_cs_client     = @@character_set_client */;
/*!50503 SET character_set_client = utf8mb4 */;
CREATE TABLE `freelancer_tags` (
  `freelancer_id` int NOT NULL,
  `tag_id` int NOT NULL,
  PRIMARY KEY (`freelancer_id`,`tag_id`),
  KEY `tag_id_INDEX` (`tag_id`),
  CONSTRAINT `fk_freelancer_tags_freelancers1` FOREIGN KEY (`freelancer_id`) REFERENCES `freelancers` (`freelancer_id`) ON DELETE CASCADE ON UPDATE CASCADE,
  CONSTRAINT `fk_freelancer_tags_tags1` FOREIGN KEY (`tag_id`) REFERENCES `tags` (`tag_id`) ON DELETE CASCADE ON UPDATE CASCADE
) ENGINE=InnoDB DEFAULT CHARSET=utf8mb3 COLLATE=utf8_unicode_ci;
/*!40101 SET character_set_client = @saved_cs_client */;

--
-- Dumping data for table `freelancer_tags`
--

LOCK TABLES `freelancer_tags` WRITE;
/*!40000 ALTER TABLE `freelancer_tags` DISABLE KEYS */;
/*!40000 ALTER TABLE `freelancer_tags` ENABLE KEYS */;
UNLOCK TABLES;

--
-- Table structure for table `freelancers`
--

DROP TABLE IF EXISTS `freelancers`;
/*!40101 SET @saved_cs_client     = @@character_set_client */;
/*!50503 SET character_set_client = utf8mb4 */;
CREATE TABLE `freelancers` (
  `freelancer_id` int NOT NULL,
  `freelancer_description` varchar(4000) COLLATE utf8_unicode_ci NOT NULL,
  `freelancer_rate` int DEFAULT NULL,
  PRIMARY KEY (`freelancer_id`),
  KEY `freelancer_rate_INDEX` (`freelancer_rate`),
  CONSTRAINT `fk_freelancers_users` FOREIGN KEY (`freelancer_id`) REFERENCES `users` (`user_id`) ON DELETE CASCADE ON UPDATE CASCADE
) ENGINE=InnoDB DEFAULT CHARSET=utf8mb3 COLLATE=utf8_unicode_ci;
/*!40101 SET character_set_client = @saved_cs_client */;

--
-- Dumping data for table `freelancers`
--

LOCK TABLES `freelancers` WRITE;
/*!40000 ALTER TABLE `freelancers` DISABLE KEYS */;
INSERT INTO `freelancers` VALUES (1,'I am a highly skilled and experienced web developer with a passion for creating beautiful and functional websites. With over 5 years of industry experience, I have worked with clients from various industries, delivering high-quality solutions tailored to their specific needs. I specialize in front-end development using modern technologies such as HTML5, CSS3, and JavaScript. My goal is to provide seamless user experiences and visually appealing designs that leave a lasting impression. I am dedicated to delivering projects on time and exceeding client expectations. Let\'s collaborate on your next web development project and bring your vision to life!',NULL),(2,'I am an accomplished graphic designer with a strong background in brand identity and visual communication. Over the course of my 8-year career, I have had the privilege of working with renowned companies such as XYZ Corp and ABC Solutions, where I played a pivotal role in creating captivating designs that elevated their brand presence. My expertise lies in creating visually stunning logos, brochures, and marketing collaterals that effectively convey the client\'s message and resonate with their target audience. I am proficient in Adobe Creative Suite, including Photoshop, Illustrator, and InDesign, and I stay updated with the latest design trends to ensure my work remains fresh and innovative. With a keen eye for detail and a passion for delivering exceptional design solutions, I am dedicated to helping businesses establish a strong visual identity that sets them apart from the competition.',NULL),(3,'I am a versatile content writer with a passion for crafting engaging and informative articles, blog posts, and website copy. With over 4 years of experience in the field, I have worked with clients from various industries, including technology, travel, and health. My writing style is versatile, allowing me to adapt to different tones and audiences. Whether it\'s creating SEO-optimized content to improve organic rankings or developing compelling storytelling pieces, I always strive to deliver high-quality work that captures readers\' attention. I conduct thorough research to ensure accuracy and credibility, and I have a keen eye for grammar and style. Let me help you bring your ideas to life through captivating and well-crafted written content!',NULL),(4,'I am a highly skilled video editor with a passion for storytelling and creating visually stunning content. With over 6 years of experience in the industry, I have worked on a wide range of projects, including corporate videos, commercials, and short films. I am proficient in industry-standard software such as Adobe Premiere Pro and After Effects, allowing me to bring concepts to life through seamless editing, captivating visual effects, and precise color grading. I have a keen eye for detail and an understanding of pacing and rhythm, ensuring that the final product engages and captivates the audience. Whether it\'s polishing raw footage or crafting a narrative-driven video, I am dedicated to delivering high-quality work that exceeds client expectations. Let\'s collaborate and bring your vision to the screen!',NULL),(5,'I am a skilled C++ developer with a strong passion for solving complex problems and creating efficient software solutions. With over 5 years of experience in software development, I have worked on a variety of projects, ranging from desktop applications to embedded systems. My expertise lies in C++ programming, where I have a deep understanding of object-oriented principles, data structures, and algorithms. I have successfully delivered projects involving memory management, performance optimization, and multi-threading. I am adept at using development tools and libraries such as Visual Studio, Boost, and STL. I am committed to writing clean, maintainable code that adheres to industry best practices. Whether it\'s building a robust software application or debugging existing code, I am dedicated to delivering high-quality solutions that meet the client\'s requirements.',NULL),(6,'I am a highly skilled competitive programmer with a passion for solving algorithmic challenges and participating in coding competitions. With a strong background in data structures and algorithms, I have honed my problem-solving skills through rigorous practice and participation in various programming contests. I have a deep understanding of time and space complexity analysis, dynamic programming, graph algorithms, and computational geometry. I am proficient in programming languages such as C++, Python, and Java, and I am familiar with popular coding platforms like Codeforces and Topcoder. I have consistently achieved top rankings in coding competitions and have been recognized for my ability to devise elegant and efficient solutions. If you need assistance with algorithm design, optimization, or competitive programming training, I am here to help you achieve your goals.',NULL),(7,'I am a versatile content creator with a passion for producing engaging and compelling digital content. With a background in marketing and a keen eye for storytelling, I excel in creating impactful and shareable content across various platforms. Whether it\'s writing blog articles, crafting social media posts, or producing video content, I am dedicated to delivering high-quality material that resonates with the target audience. I have a strong command of written and visual communication, and I am proficient in utilizing tools and platforms such as WordPress, Canva, and Adobe Creative Suite. I conduct in-depth research to ensure accuracy and relevance, and I am skilled in adapting content to suit different brand voices and target demographics. Let me help you captivate your audience and elevate your online presence with compelling and engaging content!',NULL),(8,'I am a professional event planner with a passion for creating unforgettable experiences through meticulously organized meetings and gatherings. With extensive experience in the industry, I specialize in planning and executing corporate events, conferences, and social gatherings. From initial conceptualization to final execution, I handle every aspect of event management, including venue selection, budgeting, logistics, vendor coordination, and on-site supervision. I excel in creating seamless experiences that leave a lasting impression on attendees. With a keen eye for detail and a talent for problem-solving, I ensure that every event is flawlessly executed and exceeds client expectations. Whether it\'s a business conference, a product launch, or a social celebration, I am dedicated to delivering exceptional events that bring visions to life.',NULL),(9,'Are you looking for a dedicated and experienced teacher who can guide you on your learning journey? Look no further! I am a passionate educator with a wealth of knowledge and expertise in Mathematics. With 10 years of teaching experience, I have helped countless students achieve academic success and develop a love for learning. My teaching approach is student-centered, focusing on individual strengths and needs. I believe in creating an engaging and supportive learning environment where students feel motivated and empowered to reach their full potential. I am well-versed in teaching methods and approaches to students, no matter their current level, and I leverage innovative resources and technology to enhance the learning experience. Whether you need help with any topic of Mathematics, exam preparation, or overall subject mastery, I am here to guide you every step of the way. Together, we can unlock your true potential and achieve your academic goals!',NULL),(10,'I am a skilled Flutter developer with a passion for creating beautiful and functional cross-platform mobile applications. With [number] years of experience in mobile app development, I have a deep understanding of Flutter framework and its capabilities. I specialize in designing and building intuitive user interfaces, implementing smooth animations, and integrating APIs for seamless app functionality. I have a strong command of Dart programming language and follow best practices to ensure clean and maintainable code. Whether you need a new app from scratch, feature enhancements, or bug fixes, I can deliver high-quality solutions tailored to your specific requirements. I am familiar with the entire app development lifecycle, from concept to deployment, and I am comfortable working in agile development environments. Let\'s collaborate and bring your app ideas to life!',NULL),(11,'I am an experienced backend developer with a strong focus on creating efficient and scalable web applications. With expertise in [programming languages], [frameworks], and [databases], I am well-versed in developing robust server-side solutions. I have a deep understanding of RESTful APIs, database management, and cloud infrastructure. From designing and implementing database schemas to building secure authentication systems, I ensure that backend systems are optimized for performance and reliability. I am proficient in writing clean and maintainable code, following industry best practices and coding standards. Whether it\'s building APIs, optimizing database queries, or troubleshooting server-side issues, I have the skills to deliver high-quality backend solutions. I am dedicated to staying up-to-date with the latest technologies and trends in backend development to provide cutting-edge solutions for my clients. Let\'s collaborate and build powerful backend systems that drive your web applications to success.',NULL),(12,'I am a dedicated MySQL database administrator with two years of experience in managing and optimizing MySQL databases. I specialize in SQL query optimization, performance tuning, and database administration tasks. With a strong understanding of relational database concepts, I can design and implement efficient database schemas that meet your application\'s requirements. I have hands-on experience in database backup and recovery strategies to ensure data integrity and availability. Additionally, I can assist with user management, access control, and troubleshooting database-related issues. While I have two years of experience in MySQL and SQL, I am constantly expanding my knowledge and staying updated with the latest trends and techniques in database administration. If you need assistance in maintaining and optimizing your MySQL databases, I am here to help!',NULL),(13,'I am a highly skilled server-side programming specialist with expertise in building robust and scalable web applications. With 5 years of experience, I have a deep understanding of server-side programming languages such as PHP, Python, JavaScript, and C++ and frameworks like Node.js. I specialize in designing and implementing server-side logic, handling data storage and retrieval, and integrating with various APIs and services. I am well-versed in creating secure and efficient server-side architectures that can handle high-traffic loads. From developing RESTful APIs to implementing authentication and authorization systems, I have the knowledge and experience to deliver reliable server-side solutions. I am familiar with cloud platforms and can deploy applications to ensure optimal performance and scalability. If you need a server-side expert to bring your web application ideas to life, I am here to provide top-notch development services.',NULL),(14,'I am a highly skilled programmer specializing in networking, with a focus on developing efficient and secure network solutions. With expertise in protocols such as TCP/IP, UDP, and HTTP, I have a deep understanding of network architecture, routing, and communication protocols. I am experienced in developing network applications, implementing network security measures, and troubleshooting network-related issues. I can design and optimize network infrastructures, ensuring seamless connectivity and high performance. Whether it\'s building scalable client-server applications, configuring firewalls, or conducting network performance analysis, I have the skills to deliver reliable networking solutions. I stay updated with the latest advancements in network technologies and maintain industry best practices to provide cutting-edge solutions. If you need a networking expert to enhance your network infrastructure or develop custom network applications, I am here to assist you.',NULL),(15,'I am a professional lifestyle consultant specializing in personalized urban exploration experiences. With a passion for discovering hidden gems and unique cultural experiences, I offer tailored itineraries and guided tours for individuals and groups. As your personal urban explorer, I will curate unforgettable adventures based on your interests, whether it\'s exploring local markets, visiting offbeat attractions, or immersing in the vibrant art scene. I will arrange meetings at designated locations, where we will embark on a journey to uncover the authentic essence of the city. From sampling local cuisine to meeting local artisans, each experience will be carefully crafted to provide a deep connection with the destination. Whether you are a solo traveler seeking an immersive cultural experience or a group looking for a memorable outing, I am here to create a truly unique and personalized adventure. Let\'s step off the beaten path together and discover the hidden treasures that await!',NULL),(16,'I am a professional memory curator and storyteller, specializing in preserving cherished memories and creating personalized legacy projects. Through in-person consultations and immersive interviews, I help individuals and families capture their life stories and create tangible keepsakes that can be passed down through generations. As your personal memory curator, I will meet with you to delve deep into your life experiences, capturing the essence of your journey through engaging conversations. From milestone moments and life lessons to personal anecdotes and heartfelt stories, I will carefully curate and transform these narratives into beautifully crafted memoirs, photo albums, or audiovisual presentations. Our meetings will not only be a chance to reminisce but also an opportunity to uncover the profound meaning behind your memories. Together, we will create a lasting legacy that can be treasured by you and your loved ones, preserving your unique narrative for years to come.',NULL),(17,'I am a personal wellness concierge, dedicated to enhancing individuals\' well-being through tailored self-care experiences. As your wellness concierge, I offer a range of services designed to rejuvenate your mind, body, and soul. Through in-person consultations, I will work closely with you to understand your specific wellness goals, preferences, and lifestyle. Based on this information, I will curate personalized wellness experiences that incorporate various modalities, such as spa treatments, meditation sessions, yoga classes, and nutritional consultations. Our meetings will serve as opportunities to discuss your wellness journey, address any concerns, and ensure that each experience is tailored to meet your unique needs. Whether you seek relaxation, stress relief, fitness guidance, or overall well-being, I will be your dedicated partner in nurturing a healthier and more balanced lifestyle. Let\'s embark on this transformative journey together!',NULL),(18,'I am a cultural exchange facilitator specializing in immersive travel experiences. As a passionate advocate for cultural understanding and exploration, I offer personalized itineraries that go beyond typical tourist destinations. Through in-person consultations, I will get to know your interests, preferences, and desired level of immersion. Based on this information, I will curate tailor-made travel experiences that connect you with local communities, traditions, and authentic cultural activities. Together, we will explore hidden gems, engage in local customs, taste traditional cuisine, and participate in meaningful exchanges with locals. Whether you desire a cultural immersion trip, a culinary adventure, or a unique exploration of art and history, I will be your guide in creating unforgettable memories. Let\'s embark on a journey of discovery and cultural exchange, bridging the gap between travelers and the vibrant communities they visit.',NULL),(19,'I am a personal style curator specializing in wardrobe transformations. Are you tired of sifting through your closet every morning, unsure of what to wear? Do you feel like your current style doesn\'t reflect your personality or goals? Look no further! As a personal style curator, I offer personalized styling sessions that will revolutionize your wardrobe and boost your confidence. Through in-person consultations, I will get to know your fashion preferences, lifestyle, body type, and personal goals. Together, we will embark on a style journey, where I will curate a unique collection of clothing, accessories, and looks tailored specifically to you. We will meet at trendy boutiques, local fashion events, and even collaborate with fashion designers. With my guidance, you will discover your true style identity and learn valuable tips and tricks to enhance your personal style. Let\'s transform your wardrobe and unlock your fashion potential!',NULL),(20,'Bonjour! I am a professional and skilled translator with expertise in multiple languages and a passion for bridging cultures through accurate and engaging translations. If you\'re looking for high-quality translations that capture the essence of your content, you\'ve come to the right place. With years of experience in the industry, I offer precise and culturally sensitive translations that maintain the integrity of your original message. Whether it\'s translating business documents, legal contracts, website content, or creative works, I ensure that every word is carefully chosen to convey your intended meaning. As a language enthusiast, I am fluent in English, French, Spanish, and Italian, allowing me to cater to a diverse range of clients. Let\'s break down language barriers together and create a global connection through the power of words.',NULL),(51,'Hello there! I am a skilled Java programmer with a deep passion for developing robust and efficient software solutions. With several years of experience in the industry, I have honed my skills in Java development and gained expertise in various frameworks and technologies. Whether you need a custom web application, a scalable enterprise solution, or a high-performance mobile app, I can bring your ideas to life using the power of Java. My proficiency extends to frameworks like Spring and Hibernate, allowing me to build secure and efficient applications with ease. I am well-versed in object-oriented programming principles and strive to write clean and maintainable code that stands the test of time. Collaborative and detail-oriented, I am dedicated to understanding your project requirements and delivering tailored solutions that exceed your expectations. Let\'s work together to create innovative and reliable software that drives your business forward.',NULL),(52,'Welcome! I am a passionate AI researcher with extensive expertise in the field of artificial intelligence. With years of experience and a strong academic background, I specialize in developing cutting-edge AI algorithms and models to solve complex problems. My research focuses on areas such as machine learning, deep learning, natural language processing, computer vision, and data analysis.\n\nAs an AI expert, I have a deep understanding of various machine learning techniques, including supervised learning, unsupervised learning, and reinforcement learning. I have hands-on experience in building and training neural networks, designing and implementing state-of-the-art deep learning architectures, and leveraging advanced algorithms to extract meaningful insights from large datasets.\n\nMy expertise extends to natural language processing, where I have developed intelligent systems for text analysis, sentiment analysis, language translation, and chatbot development. I have also worked on computer vision projects, including image recognition, object detection, and image generation using advanced deep learning frameworks.\n\nThroughout my career, I have published several research papers in top-tier conferences and journals, contributing to the advancement of AI knowledge. I am dedicated to staying updated with the latest advancements in the field, continuously exploring new techniques and methodologies.\n\nIf you are seeking an AI researcher who can push the boundaries of technology and deliver innovative AI solutions, look no further. I am committed to understanding your project requirements, conducting thorough research, and providing tailored solutions that meet your specific needs. Let\'s collaborate to unlock the potential of artificial intelligence and drive your projects to new heights!',NULL),(53,'Hello there! I am a skilled WordPress developer with a passion for creating stunning and functional websites. With years of experience in WordPress development, I specialize in building custom themes, designing responsive layouts, and implementing powerful plugins to enhance website functionality.\n\nAs a WordPress expert, I am proficient in HTML, CSS, PHP, and JavaScript, allowing me to craft pixel-perfect designs and bring them to life using the WordPress platform. I have extensive knowledge of WordPress themes and plugins, enabling me to customize and optimize websites according to client requirements.\n\nWhether you need a simple blog, an e-commerce store, or a corporate website, I can create a tailored solution that aligns with your brand identity and business goals. I pay great attention to detail and ensure that every element of your website, from the layout and typography to the navigation and user experience, is seamless and visually appealing.\n\nIn addition to website development, I also provide ongoing maintenance and support services to ensure that your WordPress site remains up-to-date and secure. I am well-versed in troubleshooting issues, optimizing site performance, and implementing SEO best practices to improve your website\'s visibility in search engines.\n\nClient satisfaction is my top priority, and I strive to deliver projects on time and within budget. I am a great communicator, actively involving clients throughout the development process and providing regular updates. I am dedicated to providing exceptional customer service and ensuring that your WordPress website exceeds your expectations.\n\nIf you are looking for a talented WordPress developer who can transform your ideas into a stunning website, I am here to help. Let\'s collaborate and create a powerful online presence for your business!',NULL),(54,'Hello! I\'m a talented frontend developer specializing in crafting visually stunning and user-friendly websites. With a strong passion for design and a deep understanding of frontend technologies, I bring websites to life by seamlessly blending creativity with functionality.\nAs a frontend developer, I excel in HTML, CSS, and JavaScript, ensuring clean and well-structured code that enhances the user experience. I have expertise in responsive web design, ensuring that websites look and perform flawlessly across various devices and screen sizes.\nWith an eye for aesthetics and attention to detail, I focus on creating intuitive and engaging user interfaces. I am proficient in popular frontend frameworks such as React and Vue.js, allowing me to build dynamic and interactive web applications. I am experienced in integrating APIs and working with backend developers to ensure smooth data exchange and functionality.\nWhether you need a landing page, a portfolio website, or a complex web application, I can turn your vision into a reality. I am well-versed in UI/UX principles and strive to create designs that not only captivate users but also drive conversions and achieve your business objectives.\nIn addition to frontend development, I am proficient in version control systems like Git, which enables seamless collaboration and efficient project management. I have a solid understanding of browser compatibility and performance optimization techniques to ensure fast and reliable websites.\nI am a great problem solver, able to tackle challenges and find innovative solutions. I stay up-to-date with the latest industry trends and best practices, continuously expanding my skill set to deliver cutting-edge frontend development.\n If you\'re looking for a frontend developer who can bring your ideas to life, create stunning user interfaces, and ensure a seamless user experience, I\'m here to help. Let\'s collaborate and build a remarkable online presence for your business!',NULL),(55,'Hello! I am a skilled Laravel developer with a passion for crafting robust and scalable web applications. With several years of experience in Laravel development, I have a deep understanding of the framework and its ecosystem, enabling me to build powerful and efficient solutions.\nAs a Laravel developer, I excel in creating custom web applications tailored to meet your specific business needs. I am well-versed in Laravel\'s MVC architecture, allowing me to develop clean and maintainable code that ensures the scalability and flexibility of your application.\nI am proficient in working with Laravel\'s extensive set of features and libraries, including authentication, routing, caching, database migrations, and ORM. Leveraging these features, I can create seamless user experiences and implement complex functionalities that enhance your application\'s performance and security.\nI am experienced in designing and implementing RESTful APIs, enabling seamless communication between your web application and external services or mobile applications. I ensure the efficient handling of data and maintain high standards of API design to facilitate future integrations and scalability.\nIn addition to Laravel, I have expertise in frontend technologies such as HTML, CSS, and JavaScript, allowing me to create responsive and visually appealing user interfaces. I am also proficient in JavaScript frameworks like Vue.js and React, enabling me to build interactive and dynamic frontend experiences.\nThroughout the development process, I prioritize clean code, adherence to coding standards, and thorough testing to deliver high-quality and bug-free applications. I am comfortable working in Agile environments, collaborating with teams, and meeting project deadlines.\nIf you are looking for a Laravel developer who can turn your ideas into reality, build scalable web applications, and ensure optimal performance and security, I am here to assist you. Let\'s work together to create a powerful and efficient web solution for your business!',NULL),(56,'Hello there! I am a skilled Django developer with a passion for building robust and scalable web applications. With several years of experience in Django development, I possess a deep understanding of the framework and its capabilities, enabling me to create powerful and efficient solutions.\nAs a Django developer, I specialize in developing custom web applications that meet your unique business requirements. I am well-versed in Django\'s MTV (Model-Template-View) architecture, which allows me to create clean and maintainable code, ensuring the scalability and flexibility of your application.\nI have expertise in utilizing Django\'s extensive features and libraries, including its ORM (Object-Relational Mapping), authentication, routing, form handling, and database migrations. Leveraging these features, I can develop seamless user experiences and implement complex functionalities that enhance your application\'s performance and usability.\nI am experienced in designing and implementing RESTful APIs using Django REST Framework, facilitating smooth communication between your web application and other services or mobile applications. I ensure the efficient handling of data and maintain high standards of API design to enable future integrations and scalability.\nIn addition to Django, I am proficient in frontend technologies such as HTML, CSS, and JavaScript. I can create responsive and visually appealing user interfaces that enhance the overall user experience. I am also familiar with JavaScript frameworks like React and Vue.js, enabling me to build interactive and dynamic frontend experiences.\nThroughout the development process, I prioritize clean code, adherence to coding standards, and thorough testing to deliver high-quality and bug-free applications. I am comfortable working in Agile environments, collaborating with teams, and meeting project deadlines.\nIf you are seeking a Django developer who can turn your ideas into reality, build scalable web applications, and ensure optimal performance and security, I am here to assist you. Let\'s work together to create a powerful and efficient web solution for your business!',NULL),(57,'Hello! I am a highly skilled Graphic and 3D Designer with a passion for creating visually stunning and captivating designs. With years of experience in the industry, I possess a keen eye for detail and a strong understanding of design principles.\nAs a Graphic and 3D Designer, I specialize in creating unique and engaging visual assets that effectively communicate your brand message. Whether you need a striking logo, eye-catching illustrations, or stunning marketing materials, I can bring your ideas to life with creativity and precision.\nI have expertise in using industry-standard design tools and software such as Adobe Photoshop, Illustrator, and InDesign. With these tools, I can craft visually appealing designs that align with your brand identity and leave a lasting impression on your target audience.\nIn the realm of 3D design, I am proficient in software like Autodesk 3ds Max and Cinema 4D. I can create realistic 3D models, animations, and visualizations that add depth and dimension to your projects. Whether it\'s product rendering, architectural visualization, or character design, I can transform your concepts into stunning 3D representations.\nI understand the importance of collaboration and effective communication in the design process. I strive to closely work with clients, understand their vision and requirements, and provide design solutions that exceed expectations. I am open to feedback and revisions to ensure the final design is exactly what you envision.\nMy portfolio showcases a diverse range of projects, demonstrating my versatility across different design styles and industries. I have worked with clients from various sectors, including marketing agencies, e-commerce businesses, and architectural firms, delivering high-quality designs that meet their specific needs.\nIf you are looking for a talented Graphic and 3D Designer who can bring your creative ideas to life, I am here to help. Let\'s collaborate and create visually stunning designs that captivate your audience and elevate your brand.',NULL),(58,'Hello there! I am a talented Freelance Event Coordinator with a flair for creating unforgettable experiences. With a passion for organization and a keen eye for detail, I specialize in planning and executing successful events that leave a lasting impression.\nAs an Event Coordinator, I excel in bringing visions to life. Whether it\'s a corporate conference, a wedding celebration, or a social gathering, I am dedicated to curating every aspect of the event to perfection. From conceptualizing themes and coordinating vendors to managing budgets and ensuring smooth logistics, I have the expertise to handle it all.\nWith a creative mindset and a knack for problem-solving, I transform venues into captivating spaces that reflect the essence of the occasion. From elegant decor to seamless audiovisual setups, I pay meticulous attention to every element, creating an ambiance that captivates guests and ensures a memorable experience.\nWhat sets me apart is my ability to connect with clients and understand their unique requirements. I believe in building strong relationships and fostering open communication, allowing me to deliver events that align with their vision and exceed expectations. My approach is collaborative, ensuring that every detail is tailored to their preferences and objectives.\nMy experience spans a diverse range of events, including corporate functions, charity galas, product launches, and private parties. I have had the pleasure of working with clients from various industries, including fashion, entertainment, and nonprofit organizations, providing them with seamless event planning services and creating moments that truly shine.\nWhether you need assistance with full event coordination or require support in specific areas such as venue selection, vendor management, or on-site coordination, I am here to bring your event to life. With my passion, creativity, and commitment to excellence, I guarantee an event that will be remembered for years to come.\nLet\'s collaborate and create a remarkable event that reflects your vision and leaves a lasting impression on your guests.',NULL),(59,'Hello! I am a skilled Freelance Social Media Manager ready to elevate your online presence and engage your target audience. With a passion for digital marketing and a creative flair, I specialize in developing captivating social media strategies that drive brand awareness and generate meaningful interactions.\nAs a Social Media Manager, I understand the power of storytelling through various social platforms. From crafting compelling content to implementing effective posting schedules, I ensure your brand\'s message is conveyed consistently and resonates with your audience. With expertise in platforms like Instagram, Facebook, Twitter, and LinkedIn, I optimize your social media profiles to reflect your unique brand identity.\nI thrive in developing engaging social media campaigns that capture attention and spark conversations. From eye-catching visuals to thought-provoking captions, I create content that not only grabs the interest of your target audience but also encourages them to like, comment, and share. I keep a close eye on emerging trends and implement innovative strategies to keep your brand at the forefront of the digital landscape.\nWhat sets me apart is my ability to understand your brand\'s voice and translate it into captivating social media content. I conduct in-depth research to identify your target audience\'s preferences, interests, and behaviors, allowing me to curate content that resonates with them on a deeper level. I also monitor social media analytics to track performance, measure engagement, and make data-driven optimizations to maximize results.\nWith my expertise in social media advertising, I can help you reach a wider audience and drive targeted traffic to your website or online store. I have experience managing paid social media campaigns across different platforms, ensuring that your ad spend is optimized for maximum return on investment.\nWhether you need assistance with creating a social media strategy, content creation, community management, or paid advertising, I am here to help you achieve your social media goals. Let\'s collaborate and create a strong online presence that captures the essence of your brand and connects with your audience on a meaningful level.\nGet in touch today, and let\'s embark on a social media journey together!',NULL),(60,'Hello there! I am a skilled Freelance Personal Stylist ready to elevate your wardrobe and bring your unique style vision to life. With a passion for fashion and an eye for detail, I specialize in curating personalized looks that enhance your confidence and make a lasting impression.\nAs a Personal Stylist, I believe that fashion is an expression of individuality, and everyone deserves to feel their best in what they wear. I offer a range of services tailored to your specific needs, whether you\'re seeking a complete wardrobe makeover, assistance for a special event, or simply want to refine your personal style.\nWith my keen sense of fashion trends and extensive knowledge of different body types, I provide expert guidance to help you discover your signature style. I begin by understanding your preferences, lifestyle, and aspirations, ensuring that the looks I create reflect your personality and align with your goals.\nFrom selecting the perfect outfits to coordinating accessories and incorporating the latest fashion trends, I pay meticulous attention to every detail. Whether you\'re aiming for a sophisticated corporate look, a casual-chic ensemble, or an elegant evening attire, I curate versatile and fashionable options that flatter your unique features and make you stand out from the crowd.\nIn addition to offering personalized styling, I can also provide valuable advice on wardrobe organization, color palettes, and mixing and matching existing pieces to create new outfits. I believe that a well-organized wardrobe filled with pieces you love is the key to effortless style.\nWhat sets me apart is my commitment to providing a personalized and empowering experience. I prioritize open communication and collaboration, ensuring that your preferences and comfort are at the forefront of our styling journey. I take pride in helping you discover your confidence through fashion and empowering you to embrace your individuality.\nWhether you need assistance for a special occasion, want to revamp your entire wardrobe, or simply seek ongoing style advice, I am here to guide you. Let\'s embark on a fashion-forward journey together and unlock your true style potential!\nReach out today, and let\'s start creating a wardrobe that tells your unique story.',NULL),(61,'Hello! I am a passionate Freelance Book Illustrator ready to bring your stories to life through captivating visuals and enchanting artwork. With a love for storytelling and a flair for creativity, I specialize in creating stunning illustrations that capture the essence of your narrative and leave a lasting impression.\nAs a Book Illustrator, I understand the power of imagery in transporting readers to new worlds and evoking emotions. Whether you\'re an author seeking illustrations for a children\'s book, a fantasy novel, or any other genre, I am here to collaborate with you and transform your words into captivating visuals.\nWith my strong drawing skills and attention to detail, I create illustrations that are vibrant, expressive, and tailored to your specific vision. I take the time to understand your characters, settings, and overall theme, ensuring that each illustration complements your story and engages readers of all ages.\nFrom character design to landscapes and intricate scenes, I bring depth and life to your narrative through my artistic interpretations. I employ a variety of artistic techniques, such as watercolors, digital illustrations, or mixed media, depending on the style that best suits your project.\nWhat sets me apart is my ability to capture the essence of your story and translate it into visually compelling illustrations. I work closely with you throughout the process, providing regular updates and incorporating your feedback to ensure the illustrations align with your expectations.\nWhether you have a specific vision in mind or are open to creative interpretation, I am here to collaborate and bring your book to life visually. Let\'s embark on an artistic journey together and create a masterpiece that will enchant readers and ignite their imagination.\nReach out today, and let\'s make your story visually unforgettable!',NULL),(62,'Hello there! I am a talented Freelance Personal Stylist, here to help you unleash your unique style and make a statement with your wardrobe. With a keen eye for fashion trends and a passion for empowering individuals through their personal style, I offer personalized styling services that cater to your individuality and fashion aspirations.\nAs your Personal Stylist, I understand that your style is an expression of your personality and a way to showcase your confidence. Whether you\'re looking to revamp your wardrobe, prepare for a special event, or simply explore new fashion avenues, I am here to guide you every step of the way.\nWe\'ll begin by having an in-depth consultation, where we\'ll discuss your style preferences, lifestyle, body type, and fashion goals. Based on this understanding, I will curate personalized outfits that reflect your unique taste and align with the latest fashion trends.\nWhether you\'re seeking a casual everyday look, professional attire, or glamorous evening ensembles, I will handpick a selection of clothing, accessories, and footwear to create a cohesive and stylish wardrobe that suits your needs.\nBut it doesn\'t end there! As part of my services, I also offer personal shopping assistance. If you\'re short on time or simply prefer the convenience of having someone curate the perfect pieces for you, I\'ll hit the stores, select the best items, and bring them directly to you for a personalized fitting session.\nAdditionally, I provide fashion advice and tips on color coordination, accessorizing, and outfit pairing, ensuring you have the knowledge and confidence to continue showcasing your unique style even beyond our collaboration.\nWith my passion for fashion and commitment to client satisfaction, I am dedicated to helping you feel empowered, stylish, and ready to conquer the world with your individuality. Let\'s embark on this fashion journey together and unlock your true style potential.\nContact me today to schedule a consultation, and let\'s make fashion magic happen.',NULL),(63,'Hello! I am a Freelance Personal Chef, specializing in creating exquisite culinary experiences tailored to your unique taste buds. As a passionate food enthusiast and culinary artist, I bring a personalized touch to every dish I create, making each meal a memorable and delightful experience.\nWith years of experience in the culinary industry, I have honed my skills in a variety of cuisines and cooking techniques. Whether you\'re hosting an intimate dinner party, celebrating a special occasion, or simply craving a gourmet meal in the comfort of your own home, I am here to elevate your dining experience.\nMy approach begins with a thorough consultation, where we discuss your preferences, dietary restrictions, and any specific requests. I believe in using only the freshest, high-quality ingredients, sourcing locally whenever possible, to ensure the best flavors and textures in every bite.\nFrom crafting a delectable multi-course menu to preparing mouthwatering appetizers, main courses, and decadent desserts, I will handle all aspects of your culinary needs. I can create customized menus to accommodate various dietary preferences, including vegetarian, vegan, gluten-free, and more.\nWhat sets my service apart is the personalized touch I bring to each event. I believe that dining is an experience that engages all the senses, and I pay meticulous attention to presentation, flavor combinations, and artistic plating to create a feast for both the eyes and the palate.\nWhether it\'s an intimate dinner for two, a family gathering, or a larger-scale event, I will work closely with you to ensure every detail aligns with your vision. Sit back, relax, and let me take care of the culinary magic while you savor every moment with your loved ones.\nAs a dedicated Personal Chef, my goal is to create unforgettable dining experiences that leave a lasting impression. I take pride in delivering exceptional service and exceeding your expectations, allowing you to indulge in the pleasures of gourmet cuisine without the hassle of cooking and cleanup.\nIf you\'re ready to embark on a culinary journey filled with flavors, creativity, and pure enjoyment, contact me today to discuss your upcoming event or to schedule a private dining experience. Let\'s bring your culinary dreams to life!',NULL),(64,'Hello! I am a Freelance Floral Designer, passionate about creating breathtaking floral arrangements that add beauty and elegance to any space or occasion. With a keen eye for color, texture, and composition, I specialize in crafting unique floral designs that capture the essence of each client\'s vision.\nFrom intimate weddings and extravagant events to personalized floral gifts and stunning corporate installations, I bring a touch of nature\'s beauty to every project. With my expertise in floral selection, arrangement techniques, and creative design, I transform spaces into captivating floral wonderlands.\nMy approach begins with a detailed consultation, where I listen attentively to your preferences, event theme, and desired ambiance. Whether you envision a romantic garden-inspired wedding, a modern and minimalist corporate setting, or a vibrant burst of colors for a special celebration, I will bring your vision to life.\nDrawing inspiration from the latest floral trends and incorporating seasonal blooms, I curate bespoke floral arrangements that evoke emotion and leave a lasting impression. Each stem and petal is thoughtfully selected and meticulously arranged to create harmonious compositions that reflect your personal style.\nAs a Freelance Floral Designer, I am dedicated to sourcing the freshest flowers from trusted suppliers and utilizing sustainable practices whenever possible. I believe in the power of nature to uplift and inspire, and I strive to create designs that not only captivate the eye but also respect the environment.\nWhether you need a single centerpiece, a complete event floral package, or regular floral installations for your business, I provide tailored solutions that meet your specific requirements. I work closely with event planners, individuals, and businesses to ensure seamless coordination and flawless execution.\nWith my attention to detail, creativity, and passion for floral artistry, I aim to exceed your expectations and create memorable experiences for you and your guests. Let me bring the beauty and magic of flowers into your world and make your vision blossom into reality.\nContact me today to discuss your upcoming event or floral design needs. Together, we will create a truly enchanting experience.',NULL),(65,'Hello! I am a Freelance Personal Stylist and Wardrobe Consultant, dedicated to helping individuals look and feel their best. With a passion for fashion and an eye for detail, I specialize in curating personalized style experiences that empower my clients to embrace their unique beauty and express their individuality.\nAs a Personal Stylist, I offer a range of services tailored to meet the specific needs and style goals of each client. Whether you\'re looking to revamp your wardrobe, create a signature look, or prepare for a special event, I am here to assist you every step of the way.\nMy approach begins with a thorough consultation, where I take the time to understand your personal style, lifestyle, and fashion preferences. I believe that style is a powerful form of self-expression, and I aim to help you discover and enhance your personal style identity.\nFrom wardrobe assessments and closet organization to personal shopping and outfit curation, I provide comprehensive styling solutions that cater to your unique requirements. I keep up with the latest fashion trends, while also considering your comfort, body type, and budget to create looks that are both stylish and practical.\nIn addition to one-on-one styling services, I also offer personalized style guides and virtual consultations for those who prefer remote assistance. Whether we meet in person or connect virtually, my goal remains the same – to help you build a wardrobe that reflects your personality, boosts your confidence, and makes you feel fabulous.\nWith my expertise in fashion, color theory, and body shape analysis, I will guide you in selecting the most flattering silhouettes, colors, and accessories that complement your unique features. I believe that every individual deserves to look and feel their best, and I am here to empower you through the transformative power of fashion.\nWhether you need assistance with everyday styling, professional attire, special occasions, or a complete wardrobe overhaul, I offer personalized services that cater to your specific needs. I am committed to creating a collaborative and enjoyable styling journey, where you can explore new possibilities and discover your true style potential.\nLet\'s embark on this fashion adventure together! Contact me today to schedule your consultation and unlock the confidence that comes with embracing your personal style.',NULL),(66,'Hello! I am a Freelance Nail Artist and Pedicurist, passionate about creating stunning nail designs and providing luxurious pedicure experiences. With a keen eye for detail and a dedication to impeccable nail care, I offer personalized services that help my clients express their unique style and indulge in self-care.\nAs a Nail Artist, I specialize in creating intricate and beautiful nail designs that range from classic to trendy. Whether you\'re looking for a simple and elegant manicure or a bold and vibrant nail art masterpiece, I can bring your vision to life. I stay up-to-date with the latest nail trends, techniques, and products to offer my clients a wide range of options.\nIn addition to nail art, I am also a skilled Pedicurist, providing exceptional foot care and pampering treatments. I understand the importance of maintaining healthy and beautiful feet, and I offer professional pedicures that leave you feeling refreshed and rejuvenated. From exfoliating foot scrubs to moisturizing massages, I provide a holistic approach to foot care.\nMy services extend beyond traditional nail salons, as I offer the convenience of on-site services. Whether it\'s for a special occasion, a girls\' night out, or a bridal party, I can bring my expertise and equipment to your location, ensuring a luxurious and personalized experience without leaving the comfort of your home or event venue.\nI prioritize hygiene and sanitation, using high-quality and sterilized tools and products to ensure the safety and well-being of my clients. I take the time to understand their preferences, lifestyle, and event theme to create customized nail designs and pedicure treatments that align with their individual style and needs.\nI believe that beautiful nails and well-groomed feet can boost confidence and enhance personal style. Whether you want to make a statement with your nails or simply enjoy a relaxing pedicure session, I am here to provide exceptional services that cater to your unique requirements.\nIf you\'re looking to treat yourself or celebrate a special occasion, contact me to schedule an appointment. Let\'s transform your nails and pamper your feet, allowing you to embrace self-expression and indulge in the ultimate nail and pedicure experience.',NULL),(67,'Hello! I am a Freelance Hand Nail Artist and Manicurist, dedicated to creating stunning nail designs and providing exceptional hand care services. With a passion for nails and a commitment to perfection, I offer personalized services that allow my clients to express their unique style and indulge in self-care.\nAs a Hand Nail Artist, I specialize in creating intricate and beautiful nail designs specifically for the hands. Whether you\'re looking for a classic and elegant manicure or a bold and creative nail art masterpiece, I can bring your vision to life. I stay up-to-date with the latest nail trends, techniques, and products to offer my clients a wide range of options.\nI also provide comprehensive hand care services, ensuring that your hands not only look beautiful but also feel nourished and rejuvenated. From cuticle care and nail shaping to hand massages and moisturizing treatments, I take a holistic approach to hand wellness.\nMy services go beyond traditional nail salons, as I offer the convenience of on-site services. Whether it\'s for a special occasion, a photoshoot, or a private event, I can bring my expertise and equipment to your location, providing a luxurious and personalized experience without you having to leave the comfort of your home or venue.\nHygiene and sanitation are my top priorities, and I strictly adhere to industry standards. I use high-quality and sterilized tools and products, ensuring the safety and well-being of my clients. I take the time to understand your preferences, lifestyle, and event theme to create customized nail designs and hand care treatments that perfectly align with your individual style and needs.\nI believe that beautiful hands and well-groomed nails can make a powerful statement and boost confidence. Whether you want to make a fashion statement or simply enjoy a pampering session for your hands, I am here to provide exceptional services that cater to your unique requirements.\nIf you\'re looking to treat yourself or prepare for a special occasion, contact me to schedule an appointment. Let\'s transform your nails and pamper your hands, allowing you to embrace self-expression and indulge in the ultimate hand nail and care experience.',NULL),(68,'Hello! I am a Freelance Hair Stylist and Hair Care Specialist, passionate about creating beautiful hairstyles and providing exceptional hair care services. With a focus on personalized attention and attention to detail, I offer in-home hair services that allow my clients to enjoy professional salon-quality treatments in the comfort of their own homes.\nAs a Hair Stylist, I specialize in creating stunning hairstyles that enhance your natural beauty and reflect your personal style. From elegant updos to trendy cuts and vibrant colors, I stay up-to-date with the latest hair trends, techniques, and products to offer my clients a wide range of options.\nIn addition to hairstyling, I am also a skilled Hair Care Specialist, providing comprehensive treatments that nourish and revitalize your hair. I offer services such as deep conditioning treatments, scalp massages, and customized hair care routines tailored to your specific hair type and needs.\nOne of the unique aspects of my services is that I bring the salon experience to your doorstep. Whether you\'re preparing for a special occasion, a wedding, or simply want to treat yourself to a pampering session, I can come to your home with all the necessary equipment and create a professional salon-like atmosphere.\nI understand the importance of hygiene and cleanliness, and I adhere to strict sanitation practices. I use high-quality and professional-grade products that are suitable for different hair types and provide long-lasting results. Your satisfaction and comfort are my top priorities.\nWhen you choose my services, you can expect a personalized and collaborative approach. I take the time to listen to your hair goals, understand your preferences, and offer expert advice to achieve the desired look. Whether it\'s a sleek and polished style or a bohemian-inspired beach wave, I will work with you to create a hairstyle that makes you feel confident and beautiful.\nIf you\'re ready to transform your hair and enjoy a convenient salon experience in the comfort of your own home, contact me to schedule an appointment. Let\'s embark on a hair care journey together, where you can indulge in the ultimate hair styling and treatment experience.',NULL),(69,'Hello! I am a Freelance Eco-Fashion Designer and Sustainability Consultant, dedicated to creating innovative and sustainable fashion solutions. With a deep passion for the environment and a love for fashion, I offer unique services that combine creativity with a commitment to ethical practices.\nAs an Eco-Fashion Designer, I specialize in creating cutting-edge designs using eco-friendly materials and production techniques. I believe that fashion can be both stylish and sustainable, and I strive to create garments that are not only visually stunning but also environmentally conscious. From upcycled fabrics to organic textiles, I explore unconventional materials to bring my designs to life.\nIn addition to designing, I also work as a Sustainability Consultant, providing expertise to fashion brands and companies seeking to implement sustainable practices. I offer guidance on supply chain management, ethical sourcing, waste reduction, and carbon footprint reduction. I help businesses navigate the transition towards more sustainable and responsible fashion practices.\nWhat sets my services apart is the emphasis on innovation and creativity. I constantly explore new ways to incorporate sustainable elements into fashion, pushing the boundaries of design while keeping environmental impact at the forefront. I believe that fashion can inspire positive change, and I strive to be a catalyst for a more sustainable industry.\nI am deeply committed to the principles of fair trade, social responsibility, and transparency. I collaborate with artisans and manufacturers who share these values, ensuring that the production process aligns with ethical standards. By promoting fair and responsible practices, I aim to create a fashion industry that respects both people and the planet.\nWhether you\'re a fashion brand looking to incorporate sustainable practices or an individual looking for unique and eco-friendly fashion pieces, I am here to help. Let\'s work together to redefine fashion and create a more sustainable future.',NULL),(70,'Hello! I am a versatile Freelance Virtual Assistant ready to assist you in various administrative tasks and provide exceptional support to help you stay organized and focused on your core business.\nAs a Virtual Assistant, I offer a wide range of services that can be tailored to meet your specific needs. From managing your emails and calendar to handling travel arrangements and coordinating meetings, I am here to ensure that your daily operations run smoothly.\nI excel in providing efficient and reliable administrative support. I can help with data entry, document preparation, research, and report generation. I have excellent communication skills and can handle correspondence on your behalf, ensuring timely and professional responses.\nIn addition to administrative tasks, I am proficient in social media management. I can help create and schedule engaging posts, monitor and respond to comments, and analyze social media metrics to help you build a strong online presence.\nI am highly organized, detail-oriented, and capable of multitasking. I am proficient in various software and tools, including Microsoft Office Suite, Google Workspace, project management platforms, and customer relationship management (CRM) systems.\nWhat sets me apart is my dedication to providing exceptional customer service. I am committed to understanding your unique requirements and delivering work that exceeds your expectations. I am reliable, trustworthy, and maintain strict confidentiality with sensitive information.\nI am passionate about helping businesses thrive and believe that my skills and expertise can make a positive impact on your operations. I am eager to contribute to your success and become a valuable asset to your team.\nIf you are looking for a dependable and skilled Virtual Assistant, look no further. Let\'s collaborate and streamline your administrative tasks, allowing you to focus on what matters most – growing your business.',NULL);
/*!40000 ALTER TABLE `freelancers` ENABLE KEYS */;
UNLOCK TABLES;

--
-- Table structure for table `incomplete_registration_users`
--

DROP TABLE IF EXISTS `incomplete_registration_users`;
/*!40101 SET @saved_cs_client     = @@character_set_client */;
/*!50503 SET character_set_client = utf8mb4 */;
CREATE TABLE `incomplete_registration_users` (
  `user_email` varchar(120) COLLATE utf8_unicode_ci NOT NULL,
  `user_first_name` varchar(45) COLLATE utf8_unicode_ci NOT NULL,
  `user_last_name` varchar(45) COLLATE utf8_unicode_ci NOT NULL,
  `user_password` varchar(50) CHARACTER SET utf8mb4 COLLATE utf8mb4_bin NOT NULL,
  `user_verification_code` varchar(9) COLLATE utf8_unicode_ci NOT NULL,
  `user_registration_date` datetime NOT NULL DEFAULT CURRENT_TIMESTAMP,
  `user_registration_status` tinyint NOT NULL DEFAULT '0',
  PRIMARY KEY (`user_email`),
  KEY `user_registration_date_INDEX` (`user_registration_date`)
) ENGINE=InnoDB DEFAULT CHARSET=utf8mb3 COLLATE=utf8_unicode_ci;
/*!40101 SET character_set_client = @saved_cs_client */;

--
-- Dumping data for table `incomplete_registration_users`
--

LOCK TABLES `incomplete_registration_users` WRITE;
/*!40000 ALTER TABLE `incomplete_registration_users` DISABLE KEYS */;
INSERT INTO `incomplete_registration_users` VALUES ('AliZhiry12345@gmail.com','Ali','Zhiry','helloforthefirsttime123','111232739','2023-06-05 19:15:27',0),('mahmoud.a.amin9@gmail.com','Mahmoud','Amin','Ahmed123A','111354128','2023-06-08 14:33:58',1),('mahmoud.a.amin999@gmail.com','Mahmoud','Amin','Ahmed123A','111388998','2023-06-10 04:06:27',0),('tareggqali591998@gmail.com','Ali','Zhiry','helloforthefirsttime123','111711861','2023-06-12 09:31:49',0),('taregqali591998@gmail.com','Ali','Zhiry','helloforthefirsttime123','111662425','2023-06-12 09:31:40',0),('tareqaaaali591998@gmail.com','Ali','Zhiry','helloforthefirsttime123','111733679','2023-06-12 09:34:30',0),('tareqalfi591998@gmail.com','Ali','Zhiry','helloforthefirsttime123','111539844','2023-06-11 20:15:15',0),('tareqali591998@gmail.com','Ali','Zhiry','helloforthefirsttime123','111314341','2023-06-05 19:15:53',1),('tareqalisssss591998@gmail.com','Ali','Zhiry','helloforthefirsttime123','111791638','2023-06-12 11:16:39',0),('tareqassli591998@gmail.com','Ali','Zhiry','helloforthefirsttime123','111541226','2023-06-11 20:15:28',0);
/*!40000 ALTER TABLE `incomplete_registration_users` ENABLE KEYS */;
UNLOCK TABLES;

--
-- Table structure for table `job_tags`
--

DROP TABLE IF EXISTS `job_tags`;
/*!40101 SET @saved_cs_client     = @@character_set_client */;
/*!50503 SET character_set_client = utf8mb4 */;
CREATE TABLE `job_tags` (
  `job_id` int NOT NULL,
  `tag_id` int NOT NULL,
  PRIMARY KEY (`job_id`,`tag_id`),
  KEY `tag_id_INDEX` (`tag_id`),
  CONSTRAINT `fk_job_tags_jobs1` FOREIGN KEY (`job_id`) REFERENCES `jobs` (`job_id`) ON DELETE CASCADE ON UPDATE CASCADE,
  CONSTRAINT `fk_job_tags_tags1` FOREIGN KEY (`tag_id`) REFERENCES `tags` (`tag_id`) ON DELETE CASCADE ON UPDATE CASCADE
) ENGINE=InnoDB DEFAULT CHARSET=utf8mb3 COLLATE=utf8_unicode_ci;
/*!40101 SET character_set_client = @saved_cs_client */;

--
-- Dumping data for table `job_tags`
--

LOCK TABLES `job_tags` WRITE;
/*!40000 ALTER TABLE `job_tags` DISABLE KEYS */;
INSERT INTO `job_tags` VALUES (89,1),(91,1),(92,1),(18,2),(88,2),(90,2),(90,3),(92,3),(139,5),(141,5),(153,9),(1,16),(20,16),(40,16),(155,16),(8,20),(10,20),(16,20),(25,20),(20,23),(57,23),(121,23),(82,24),(89,26),(91,26),(2,28),(134,34),(136,34),(164,36),(23,46),(158,50),(160,50),(159,51),(161,51),(153,53),(154,54),(155,55),(22,57),(157,57),(9,58),(157,58),(32,61),(78,61),(79,61),(80,61),(82,61),(3,62),(110,75),(111,75),(112,75),(109,77),(108,78),(109,79),(111,80),(80,86),(39,90),(6,91),(97,91),(4,96),(97,96),(4,100),(2,106),(170,106),(26,109),(27,109),(33,110),(96,110),(128,110),(130,110),(132,110),(153,110),(156,110),(47,111),(69,111),(19,124),(44,125),(138,125),(140,125),(142,125),(143,125),(144,125),(145,125),(146,125),(147,125),(67,126),(47,129),(45,130),(43,131),(50,131),(52,131),(143,131),(145,131),(138,132),(140,132),(142,132),(143,132),(145,132),(147,132),(29,133),(30,133),(31,133),(33,133),(44,133),(46,133),(108,133),(44,134),(45,135),(45,136),(45,137),(47,137),(79,140),(81,140),(82,140),(78,141),(42,146),(97,146),(131,146),(98,147),(29,149),(99,149),(100,149),(102,149),(167,155),(13,156),(103,157),(105,157),(104,158),(107,158),(96,160),(1,161),(93,161),(95,161),(96,161),(97,161),(94,162),(169,171),(171,171),(172,171),(83,184),(84,184),(85,184),(86,184),(87,184),(57,185),(53,186),(54,186),(55,186),(56,186),(143,186),(55,187),(53,188),(54,188),(53,189),(56,189),(16,202),(26,202),(27,202),(28,202),(113,204),(114,204),(115,204),(116,204),(117,204),(88,208),(163,211),(166,211),(163,212),(166,212),(167,212),(5,230),(14,230),(24,230),(3,231),(20,242),(151,246),(114,253),(115,254),(116,254),(33,255),(3,256),(30,268),(5,281),(14,281),(24,281),(158,281),(160,281),(162,281),(19,283),(34,283),(128,287),(129,287),(130,287),(132,287),(157,287),(159,287),(161,287),(9,288),(17,288),(22,288),(97,288),(129,288),(131,288),(149,288),(151,288),(113,297),(115,297),(116,297),(133,299),(135,299),(137,299),(134,300),(136,300),(34,304),(123,305),(125,305),(124,306),(154,322),(3,325),(11,325),(30,325),(14,326),(58,338),(59,338),(62,338),(61,339),(59,340),(60,341),(134,343),(44,345),(90,353),(92,353),(8,360),(103,360),(131,360),(132,360),(155,360),(171,360),(172,360),(13,365),(2,369),(19,369),(29,369),(34,369),(100,369),(63,379),(50,380),(64,380),(65,380),(66,380),(67,381),(63,383),(64,383),(72,386),(23,391),(6,400),(40,403),(60,415),(73,415),(75,415),(76,415),(21,424),(148,425),(150,425),(152,425),(17,426),(38,426),(39,426),(40,426),(60,426),(148,426),(149,426),(151,426),(152,426),(68,427),(139,427),(32,428),(64,428),(68,428),(69,428),(72,428),(78,428),(79,428),(81,428),(82,428),(70,429),(69,430),(70,430),(71,430),(72,431),(154,441),(33,442),(121,445),(94,456),(70,457),(15,466),(35,466),(36,466),(37,466),(26,469),(28,469),(83,469),(84,469),(86,469),(87,469),(8,477),(57,479),(118,479),(119,479),(120,479),(121,479),(122,479),(4,480),(20,480),(119,480),(121,480),(94,482),(165,484),(21,487),(84,487),(86,487),(87,487),(95,487),(160,487),(162,487),(73,497),(75,497),(76,497),(77,497),(85,497),(3,498),(29,498),(30,498),(46,498),(49,498),(74,498),(76,498),(77,498),(99,498),(100,498),(102,498),(141,498),(168,500),(169,500),(170,500),(171,500),(172,500),(11,504),(76,505),(13,506),(106,506),(1,513),(20,513),(37,513),(38,513),(41,513),(91,513),(155,513),(158,513),(159,513),(160,513),(161,513),(40,515),(93,515),(131,515),(150,515),(152,515),(2,516),(2,517),(3,519),(3,520),(3,521),(7,521),(65,521),(116,521),(1,523),(3,524),(73,524),(83,524),(84,524),(85,524),(95,524),(39,525),(4,526),(1,527),(27,527),(146,527),(1,528),(12,528),(27,528),(44,528),(61,528),(62,528),(71,528),(82,528),(83,528),(88,528),(89,528),(90,528),(110,528),(119,528),(122,528),(137,528),(146,528),(157,528),(161,528),(2,529),(4,530),(17,530),(23,530),(60,530),(93,530),(104,530),(106,530),(107,530),(150,530),(152,530),(5,531),(24,531),(162,531),(5,532),(5,533),(5,534),(36,534),(6,535),(7,536),(24,536),(43,536),(58,536),(65,536),(75,536),(88,536),(93,536),(100,536),(131,536),(141,536),(147,536),(7,537),(31,537),(73,537),(7,538),(41,538),(149,538),(7,539),(65,539),(7,540),(8,541),(16,541),(21,541),(25,541),(26,541),(27,541),(28,541),(48,541),(63,541),(64,541),(113,541),(114,541),(139,541),(8,542),(8,543),(10,543),(16,543),(25,543),(9,544),(22,544),(9,545),(22,545),(157,545),(9,546),(154,546),(9,547),(10,548),(10,549),(10,550),(63,550),(10,551),(63,551),(11,552),(12,553),(21,553),(85,553),(12,554),(21,554),(84,554),(85,554),(12,555),(12,556),(12,557),(13,558),(13,559),(13,560),(14,561),(24,561),(41,561),(42,561),(14,562),(14,563),(15,564),(35,564),(15,565),(15,566),(15,567),(35,567),(15,568),(35,568),(16,569),(99,569),(150,569),(16,570),(16,571),(16,572),(17,573),(40,573),(17,574),(40,574),(17,575),(150,575),(151,575),(152,575),(18,576),(18,577),(91,577),(19,578),(19,579),(19,580),(20,581),(25,581),(68,581),(21,582),(22,583),(22,584),(23,585),(23,586),(23,587),(24,588),(25,589),(25,590),(26,591),(27,592),(27,593),(88,593),(27,594),(89,594),(28,595),(28,596),(95,596),(28,597),(29,598),(29,599),(104,599),(30,600),(30,601),(33,601),(113,601),(31,602),(31,603),(31,604),(31,605),(32,606),(32,607),(81,607),(32,608),(33,608),(32,609),(34,610),(34,611),(34,612),(35,613),(35,614),(36,615),(36,616),(36,617),(37,618),(37,619),(38,620),(38,621),(38,622),(38,623),(39,624),(42,624),(40,625),(41,626),(41,627),(42,628),(42,629),(42,630),(42,631),(43,632),(45,632),(52,632),(64,632),(101,632),(138,632),(140,632),(143,632),(43,633),(45,633),(46,633),(47,633),(50,633),(51,633),(52,633),(71,633),(98,633),(99,633),(100,633),(101,633),(102,633),(43,634),(52,634),(99,634),(100,634),(102,634),(139,634),(44,635),(46,636),(46,637),(98,637),(101,637),(46,638),(50,638),(51,638),(77,638),(113,638),(114,638),(117,638),(139,638),(147,638),(47,639),(47,640),(48,641),(49,641),(50,641),(51,641),(52,641),(48,642),(109,642),(48,643),(48,644),(49,645),(49,646),(49,647),(49,648),(153,648),(50,649),(51,650),(51,651),(51,652),(52,653),(66,653),(53,654),(53,655),(55,655),(53,656),(154,656),(54,657),(54,658),(55,658),(54,659),(54,660),(55,661),(57,661),(153,661),(55,662),(156,662),(56,663),(56,664),(56,665),(56,666),(57,667),(118,667),(57,668),(58,669),(58,670),(59,670),(62,670),(58,671),(59,671),(61,671),(62,671),(58,672),(61,672),(62,672),(59,673),(60,674),(60,675),(61,676),(61,677),(62,678),(63,679),(64,680),(65,681),(65,682),(66,683),(67,683),(66,684),(66,685),(66,686),(67,687),(67,688),(67,689),(74,689),(68,690),(69,691),(101,691),(69,692),(69,693),(70,694),(70,695),(70,696),(71,697),(71,698),(71,699),(72,700),(72,701),(72,702),(73,703),(73,704),(75,704),(83,704),(86,704),(87,704),(74,705),(145,705),(74,706),(74,707),(74,708),(76,709),(102,709),(76,710),(78,711),(78,712),(78,713),(79,714),(80,715),(81,716),(81,717),(81,718),(82,719),(83,720),(84,721),(86,722),(86,723),(87,724),(90,724),(92,724),(87,725),(88,726),(89,726),(91,726),(89,727),(90,728),(92,728),(114,728),(119,728),(91,729),(92,730),(93,731),(93,732),(127,732),(94,733),(94,734),(94,735),(95,736),(95,737),(96,738),(103,738),(152,738),(98,739),(108,739),(138,739),(142,739),(98,740),(101,740),(98,741),(99,742),(101,743),(102,744),(103,745),(106,745),(103,746),(105,746),(103,747),(104,748),(104,749),(104,750),(106,750),(107,750),(105,751),(105,752),(105,753),(106,754),(111,754),(106,755),(107,756),(107,757),(107,758),(110,759),(110,760),(110,761),(111,762),(111,763),(111,764),(112,765),(112,766),(113,767),(117,767),(113,768),(113,769),(114,770),(115,771),(117,772),(117,773),(118,774),(119,775),(119,776),(148,776),(120,777),(120,778),(120,779),(122,779),(120,780),(120,781),(122,781),(121,782),(121,783),(122,784),(122,785),(123,786),(125,786),(126,786),(123,787),(123,788),(123,789),(123,790),(124,791),(124,792),(124,793),(124,794),(124,795),(125,796),(125,797),(127,797),(125,798),(126,799),(126,800),(126,801),(127,801),(126,802),(126,803),(127,804),(127,805),(127,806),(128,807),(129,808),(129,809),(129,810),(130,811),(131,812),(132,813),(132,814),(133,815),(133,816),(135,816),(137,816),(135,817),(136,818),(136,819),(137,819),(137,820),(137,821),(138,822),(140,822),(142,822),(139,823),(141,823),(140,824),(140,825),(141,826),(141,827),(142,828),(142,829),(143,830),(144,830),(145,830),(146,830),(144,831),(144,832),(145,833),(146,833),(146,834),(149,835),(161,835),(149,836),(149,837),(150,838),(151,839),(151,840),(153,841),(155,842),(155,843),(156,844),(156,845),(156,846),(156,847),(164,847),(166,847),(167,847),(157,848),(158,849),(158,850),(158,851),(159,852),(160,853),(161,854),(162,855),(162,856),(162,857),(163,858),(164,858),(165,858),(166,858),(167,858),(163,859),(163,860),(164,861),(164,862),(164,863),(165,864),(167,864),(165,865),(165,866),(165,867),(166,868),(167,869),(168,870),(170,870),(168,871),(168,872),(170,872),(172,872),(168,873),(168,874),(170,875),(172,876),(172,877);
/*!40000 ALTER TABLE `job_tags` ENABLE KEYS */;
UNLOCK TABLES;

--
-- Table structure for table `jobs`
--

DROP TABLE IF EXISTS `jobs`;
/*!40101 SET @saved_cs_client     = @@character_set_client */;
/*!50503 SET character_set_client = utf8mb4 */;
CREATE TABLE `jobs` (
  `job_id` int NOT NULL AUTO_INCREMENT,
  `user_id` int NOT NULL,
  `job_title` varchar(250) COLLATE utf8_unicode_ci NOT NULL,
  `job_description` varchar(4000) COLLATE utf8_unicode_ci NOT NULL,
  `job_creation_date` datetime NOT NULL,
  `job_deadline_date` datetime NOT NULL,
  `job_price` int NOT NULL,
  `freelancer_id` int DEFAULT NULL,
  `job_completion_date` datetime DEFAULT NULL,
  `job_completion_rating` int DEFAULT NULL,
  `job_completion_message` varchar(1000) COLLATE utf8_unicode_ci DEFAULT NULL,
  PRIMARY KEY (`job_id`),
  KEY `user_id_INDEX` (`user_id`) /*!80000 INVISIBLE */,
  KEY `freelancer_id_INDEX` (`freelancer_id`),
  KEY `job_creation_date_INDEX` (`job_creation_date`),
  FULLTEXT KEY `job_search_FULLTEXT` (`job_title`,`job_description`),
  CONSTRAINT `fk_jobs_freelancers1` FOREIGN KEY (`freelancer_id`) REFERENCES `freelancers` (`freelancer_id`) ON DELETE CASCADE ON UPDATE CASCADE,
  CONSTRAINT `fk_jobs_users2` FOREIGN KEY (`user_id`) REFERENCES `users` (`user_id`) ON DELETE CASCADE ON UPDATE CASCADE
) ENGINE=InnoDB AUTO_INCREMENT=204 DEFAULT CHARSET=utf8mb3 COLLATE=utf8_unicode_ci;
/*!40101 SET character_set_client = @saved_cs_client */;

--
-- Dumping data for table `jobs`
--

LOCK TABLES `jobs` WRITE;
/*!40000 ALTER TABLE `jobs` DISABLE KEYS */;
INSERT INTO `jobs` VALUES (1,21,'Create a Marketing Campaign for a New Product Launch','We need a marketing specialist to create a marketing campaign for our new product launch. The campaign should include a strategy for social media, email marketing, and advertising. The specialist should have experience in creating successful marketing campaigns and should be able to provide us with samples of their work. Please provide us with your portfolio and estimated timeline for the project.','2023-04-06 21:09:37','2023-12-02 01:02:09',450000,NULL,NULL,NULL,NULL),(2,22,'Develop a Chatbot for a Customer Service Platform','We need a chatbot developed for our customer service platform. The chatbot should be able to handle basic customer inquiries and provide helpful responses. It should be integrated with our customer service software and should be able to learn from previous interactions. The chatbot should be developed using Python and should be hosted on AWS. Please provide us with your portfolio and estimated timeline for the project.','2023-03-24 05:10:43','2023-11-20 14:19:41',5000000,NULL,NULL,NULL,NULL),(3,23,'Develop a Responsive Website for a Travel Agency','We need a responsive website for our travel agency. The website should be mobile-friendly and should have a clean and modern design. It should include a booking system and payment gateway integration. The website should be developed using HTML, CSS, JavaScript, and PHP. Please provide us with your portfolio and estimated timeline for the project.','2023-04-13 10:33:30','2023-12-03 16:43:29',300000,NULL,NULL,NULL,NULL),(4,24,'Write a Script for Explainer Videos','We are looking for a scriptwriter to write scripts for our explainer videos. The scripts should be engaging and informative and should be suitable for a wide audience. The writer should have experience in writing scripts for videos and should be able to provide us with samples of their work. Please provide us with your portfolio and estimated timeline for the project.','2023-04-28 20:44:53','2023-10-29 01:17:15',525000,NULL,NULL,NULL,NULL),(5,25,'Design a Logo for a New Restaurant','We need a professional logo for our new restaurant. The logo should be modern and reflect the theme of our restaurant. It should include the name of the restaurant and a symbol that represents the theme. Please provide us with your portfolio and estimated timeline for the project.','2023-05-11 20:19:27','2023-11-09 18:35:21',100000,NULL,NULL,NULL,NULL),(6,26,'Write SEO Optimized Articles for a Tech Blog','We are looking for a content writer to write SEO optimized articles for our tech blog. The articles should be informative and engaging for our readers. The writer should have experience in writing for tech blogs and should be able to provide us with samples of their work. Please provide us with your portfolio and estimated timeline for the project.','2023-03-12 03:42:58','2023-10-19 17:27:58',150000,NULL,NULL,NULL,NULL),(7,27,'Develop an E-commerce Website for a Fashion Brand','We need an e-commerce website for our fashion brand. The website should have a clean and modern design and should be mobile-friendly. It should include a shopping cart and payment gateway integration. The website should be developed using HTML, CSS, JavaScript, and PHP. Please provide us with your portfolio and estimated timeline for the project.','2023-03-19 15:42:46','2023-12-22 00:37:33',2000000,NULL,NULL,NULL,NULL),(8,28,'Design a Mobile App for a Fitness Tracker','We need a mobile app designed for our fitness tracker. The app should be user-friendly and should include features such as step tracking, calorie tracking, and workout tracking. The app should be designed for both iOS and Android platforms. Please provide us with your portfolio and estimated timeline for the project.','2023-04-13 18:22:12','2023-12-16 01:53:50',500000,NULL,NULL,NULL,NULL),(9,29,'Write a Business Plan for a Start-up Company','We are looking for a business plan writer to write a detailed business plan for our start-up company. The plan should include a market analysis, financial projections, and a marketing strategy. The writer should have experience in writing business plans and should be able to provide us with samples of their work. Please provide us with your portfolio and estimated timeline for the project.','2023-03-09 12:55:47','2023-10-17 06:45:05',215000,NULL,NULL,NULL,NULL),(10,30,'Develop a Mobile Game for iOS and Android','We need a mobile game developed for both iOS and Android platforms. The game should be user-friendly and should be suitable for all ages. It should include features such as in-app purchases and social media integration. Please provide us with your portfolio and estimated timeline for the project.','2023-05-21 22:21:18','2023-10-27 08:55:58',3000000,NULL,NULL,NULL,NULL),(11,31,'Develop a Custom WordPress Plugin','We need a WordPress developer to create a custom plugin for our website. The plugin should be able to add custom functionality to our website and should be easy to use. It should be developed using PHP and should be compatible with the latest version of WordPress. Please provide us with your portfolio and estimated timeline for the project.','2023-04-22 02:37:36','2024-01-01 05:16:37',25000,NULL,NULL,NULL,NULL),(12,32,'Design a User Interface for a Financial Management Application','We need a user interface designer to create a modern and intuitive interface for our financial management application. The interface should be designed for desktop and mobile devices and should be easy to navigate. It should include features such as account summary, transaction history, and budget tracking. Please provide us with your portfolio and estimated timeline for the project.','2023-04-02 23:26:56','2023-10-19 10:37:23',270000,NULL,NULL,NULL,NULL),(13,33,'Edit and Proofread a 100-page Novel','We are looking for an experienced editor to edit and proofread a 100-page novel. The editor should have a strong background in literature and be able to provide feedback on the story structure, character development, and overall writing style. The editor should also be proficient in grammar, syntax, and spelling. Please provide us with your portfolio and estimated timeline for the project.','2023-05-11 17:47:16','2023-11-09 18:38:23',800000,NULL,NULL,NULL,NULL),(14,34,'Create a Brand Identity for a New Coffee Shop','We are looking for a graphic designer to create a brand identity for our new coffee shop. The designer should be able to create a logo, packaging design, and other marketing materials that reflect our brand values and target audience. The designer should also be proficient in using Adobe Creative Suite. Please provide us with your portfolio and estimated timeline for the project.','2023-03-16 21:07:19','2023-11-06 14:48:11',1500000,NULL,NULL,NULL,NULL),(15,35,'Translate a 50-page Legal Document from English to Arabic','We need a professional translator to translate a 50-page legal document from English to Arabic. The translator should have a strong background in legal terminology and be able to provide accurate translations that preserve the original meaning of the document. The translator should also be proficient in using CAT tools. Please provide us with your portfolio and estimated timeline for the project.','2023-06-03 20:25:44','2023-10-05 18:22:26',400000,NULL,NULL,NULL,NULL),(16,36,'Develop a Mobile App for a Fitness Coach','We need a mobile app developed for a fitness coach. The app should include features such as workout plans, progress tracking, and nutrition advice. The app should be developed for both iOS and Android platforms and should be user-friendly and responsive. The app should be developed using Flutter. Please provide us with your portfolio and estimated timeline for the project.','2023-05-09 18:07:22','2023-12-27 09:28:06',2500000,NULL,NULL,NULL,NULL),(17,37,'Create a Social Media Marketing Strategy for a Beauty Brand','We need a social media marketer to create a marketing strategy for our beauty brand. The marketer should have experience in creating successful social media campaigns and be able to identify the target audience and create engaging content that resonates with them. The marketer should also be proficient in using social media analytics tools. Please provide us with your portfolio and estimated timeline for the project.','2023-03-12 12:19:38','2023-12-31 06:15:43',1200000,NULL,NULL,NULL,NULL),(18,38,'Create a 3D Model of a Building for an Architectural Visualization Project','We need a 3D artist to create a realistic 3D model of a building for an architectural visualization project. The model should include accurate details and textures and should be suitable for rendering in different lighting conditions. The artist should be proficient in using 3D modeling software such as SketchUp, 3ds Max, or Blender. Please provide us with your portfolio and estimated timeline for the project.','2023-05-21 18:19:57','2023-12-22 08:26:13',500000,NULL,NULL,NULL,NULL),(19,39,'Develop a Machine Learning Algorithm for Predictive Maintenance','We need a data scientist to develop a machine learning algorithm for predictive maintenance of industrial equipment. The algorithm should be able to predict equipment failures based on historical data and provide recommendations for maintenance actions. The data scientist should be proficient in using Python and machine learning libraries such as Scikit-learn or TensorFlow. Please provide us with your portfolio and estimated timeline for the project.','2023-05-03 17:30:25','2023-10-22 15:13:39',3000000,NULL,NULL,NULL,NULL),(20,40,'Create an Animated Explainer Video for a Healthcare Startup','We need an animator to create an animated explainer video for our healthcare startup. The video should be engaging and informative and should explain our product and its benefits to potential customers. The animator should be proficient in using animation software such as After Effects or Adobe Animate. Please provide us with your portfolio and estimated timeline for the project.','2023-04-12 00:42:44','2023-10-03 12:20:00',1000000,NULL,NULL,NULL,NULL),(21,41,'Design a User Interface for a Mobile Game','We need a UI/UX designer to design a user interface for our mobile game. The designer should be able to create visually appealing and intuitive interfaces that enhance the user experience. The designer should also be proficient in using design tools such as Sketch or Adobe XD. Please provide us with your portfolio and estimated timeline for the project.','2023-04-24 14:09:30','2023-10-05 10:40:50',700000,NULL,NULL,NULL,NULL),(22,42,'Write a Business Plan for a Social Media Marketing Agency','We are looking for a business plan writer to write a comprehensive business plan for our social media marketing agency. The plan should include a market analysis, a marketing strategy, financial projections, and an operational plan. The writer should be proficient in business writing and have experience in writing business plans. Please provide us with your portfolio and estimated timeline for the project.','2023-04-20 00:05:24','2023-11-30 16:39:32',800000,NULL,NULL,NULL,NULL),(23,43,'Write SEO-Optimized Articles for a Travel Blog','We are a travel company looking for a talented writer to create SEO-optimized articles for our travel blog. The articles should be informative, engaging, and tailored towards our target audience. You will be responsible for conducting research on different travel destinations and creating content that is both interesting and useful. The ideal candidate should have excellent writing skills, be familiar with SEO techniques, and have a passion for travel. Please provide us with your portfolio and estimated timeline for the project. Each article should be at least 1000 words long. We are looking to hire for a long-term basis, so please apply only if you are interested in ongoing work.','2023-03-14 08:22:16','2023-12-09 20:36:34',500000,NULL,NULL,NULL,NULL),(24,44,'Design a Logo and Brand Identity for a New E-commerce Store','We are launching a new e-commerce store and we need a talented designer to create a logo and brand identity for us. The logo should be simple, memorable, and reflect the nature of our business. You will also be responsible for creating a brand identity that is consistent with our logo and reflects our brand values. The ideal candidate should have experience in branding and logo design, be creative, and have a good eye for detail. Please provide us with your portfolio and estimated timeline for the project. We are looking to hire for a one-time project, but there may be additional design work available in the future.','2023-03-12 09:10:25','2023-10-09 05:22:16',700000,NULL,NULL,NULL,NULL),(25,45,'Develop a Mobile App for Mental Health Management','We are a healthcare company looking for a skilled app developer to create a mobile app for mental health management. The app should allow users to track their mood, set goals, and receive personalized recommendations for self-care based on their data. Users should also be able to connect with mental health professionals and access resources and articles on mental health. The ideal candidate should have experience in mobile app development, be proficient in iOS and Android development, and have a good understanding of mental health. Please provide us with your portfolio and estimated timeline for the project. We are looking to hire for a long-term basis, so there may be additional development work available in the future.','2023-03-10 06:22:15','2023-12-09 16:26:14',2000000,NULL,NULL,NULL,NULL),(26,46,'Develop a Cross-Platform Mobile App for a Fitness Company','We are a fitness company looking for an experienced Flutter developer to create a cross-platform mobile app for our business. The app should allow users to view and book classes, track their progress, and access nutrition information. The ideal candidate should have experience in mobile app development using Flutter, be proficient in Dart programming language, and have a good understanding of UI/UX design principles. Please provide us with your portfolio and estimated timeline for the project. We are looking to hire for a long-term basis, so there may be additional development work available in the future.','2023-04-29 12:46:13','2023-11-10 10:51:44',1500000,NULL,NULL,NULL,NULL),(27,47,'Create a Social Media Mobile App for a Startup','We are a startup looking for a skilled Flutter developer to create a social media mobile app for our business. The app should allow users to create profiles, post content, and interact with other users. The ideal candidate should have experience in mobile app development using Flutter, be proficient in Dart programming language, and have a good understanding of social media app development. Please provide us with your portfolio and estimated timeline for the project. We are looking to hire for a long-term basis, so there may be additional development work available in the future.','2023-03-07 22:09:38','2023-11-27 21:25:03',2000000,NULL,NULL,NULL,NULL),(28,48,'Develop a Mobile App for a Real Estate Company','We are a real estate company looking for a talented Flutter developer to create a mobile app for our business. The app should allow users to search for properties, view property details, and contact agents. The ideal candidate should have experience in mobile app development using Flutter, be proficient in Dart programming language, and have a good understanding of UI/UX design principles. Please provide us with your portfolio and estimated timeline for the project. We are looking to hire for a long-term basis, so there may be additional development work available in the future.','2023-05-31 15:08:21','2023-11-16 22:25:27',1000000,NULL,NULL,NULL,NULL),(29,49,'Build a Web Application Using Django Framework','We are looking for a skilled developer to build a web application using the Django framework. The application should allow users to create and manage accounts, view and edit data, and generate reports. The ideal candidate should have experience in web application development using Django, be proficient in Python programming language, and have a good understanding of database management. Please provide us with your portfolio and estimated timeline for the project. We are looking to hire for a long-term basis, so there may be additional development work available in the future.','2023-05-23 04:52:49','2024-01-06 00:53:04',2500000,NULL,NULL,NULL,NULL),(30,50,'Develop a Web Application Using Laravel Framework','We are seeking a developer to create a web application using the Laravel framework. The application should allow users to manage data, generate reports, and interact with third-party APIs. The ideal candidate should have experience in web application development using Laravel, be proficient in PHP programming language, and have a good understanding of database management. Please provide us with your portfolio and estimated timeline for the project. We are looking to hire for a long-term basis, so there may be additional development work available in the future.','2023-05-19 13:41:38','2023-10-16 08:31:19',2000000,NULL,NULL,NULL,NULL),(31,71,'Create Custom PHP Scripts for a Website','We are looking for a PHP developer to create custom scripts for our website. The scripts should allow users to perform specific actions, such as upload files, access data, and generate reports. The ideal candidate should have experience in PHP development, be proficient in database management, and have experience with web APIs. Please provide us with your portfolio and estimated timeline for the project. We are looking to hire for a one-time project, but there may be additional development work available in the future.','2023-03-02 16:38:20','2023-12-03 11:16:59',1000000,NULL,NULL,NULL,NULL),(32,72,'Develop a C++ Tool for Image Processing','We are looking for an experienced C++ developer to create a tool for image processing. The tool should allow users to manipulate images, apply filters, and enhance image quality. The ideal candidate should have experience in C++ programming language, be proficient in image processing techniques, and have a good understanding of algorithms. Please provide us with your portfolio and estimated timeline for the project. We are looking to hire for a long-term basis, so there may be additional development work available in the future.','2023-04-25 16:57:41','2023-10-27 18:57:48',3000000,NULL,NULL,NULL,NULL),(33,73,'Create a Java Tool for Data Analysis','We are seeking a skilled Java developer to create a tool for data analysis. The tool should allow users to import data, perform statistical analysis, and generate reports. The ideal candidate should have experience in Java programming language, be proficient in database management, and have a good understanding of data analysis techniques. Please provide us with your portfolio and estimated timeline for the project. We are looking to hire for a long-term basis, so there may be additional development work available in the future.','2023-05-25 18:07:50','2023-11-25 18:49:52',2500000,NULL,NULL,NULL,NULL),(34,74,'Develop a Python Tool for Natural Language Processing','We are looking for a Python developer to create a tool for natural language processing. The tool should allow users to analyze text data, perform sentiment analysis, and generate summaries. The ideal candidate should have experience in Python programming language, be proficient in natural language processing techniques, and have a good understanding of machine learning algorithms. Please provide us with your portfolio and estimated timeline for the project. We are looking to hire for a long-term basis, so there may be additional development work available in the future.','2023-04-25 21:26:02','2023-11-28 08:27:58',2000000,NULL,NULL,NULL,NULL),(35,75,'Translate a Legal Document from Spanish to English','We are looking for a professional translator to translate a legal document from Spanish to English. The document contains legal terminology and should be translated accurately and clearly. The ideal candidate should have experience in legal translation, be fluent in both Spanish and English, and have a good understanding of legal terminology and concepts. Please provide us with your portfolio and estimated timeline for the project. We are looking to hire for a one-time project, but there may be additional translation work available in the future.','2023-05-31 04:21:31','2023-11-15 23:11:35',1000000,NULL,NULL,NULL,NULL),(36,76,'Translate a Technical Document from Japanese to German','We are seeking a professional translator to translate a technical document from Japanese to German. The document contains technical terminology and should be translated accurately and clearly. The ideal candidate should have experience in technical translation, be fluent in both Japanese and German, and have a good understanding of technical terminology and concepts. Please provide us with your portfolio and estimated timeline for the project. We are looking to hire for a one-time project, but there may be additional translation work available in the future.','2023-04-12 19:34:20','2023-10-17 16:22:57',1500000,NULL,NULL,NULL,NULL),(37,77,'Translate a Marketing Material from French to Mandarin','We are looking for an experienced translator to translate a marketing material from French to Mandarin. The material contains promotional content and should be translated in a way that is appealing and engaging to the target audience. The ideal candidate should have experience in marketing translation, be fluent in both French and Mandarin, and have a good understanding of marketing terminology and concepts. Please provide us with your portfolio and estimated timeline for the project. We are looking to hire for a one-time project, but there may be additional translation work available in the future.','2023-03-24 21:31:01','2023-11-11 07:34:22',800000,NULL,NULL,NULL,NULL),(38,78,'Create a Marketing Plan for a New Fitness App','We are seeking a marketing expert to create a marketing plan for a new fitness app. The plan should include strategies for acquiring new users, increasing engagement, and retaining customers. The ideal candidate should have experience in marketing for mobile apps, be familiar with the fitness industry, and have a good understanding of social media marketing. Please provide us with your portfolio and estimated timeline for the project. We are looking to hire for a long-term basis, so there may be additional marketing work available in the future.','2023-04-18 01:15:37','2023-12-21 06:46:06',2000000,NULL,NULL,NULL,NULL),(39,79,'Develop a Content Marketing Strategy for a Travel Company','We are looking for a content marketing expert to develop a strategy for a travel company. The strategy should focus on creating engaging and informative content that will attract and retain customers. The ideal candidate should have experience in content marketing, be familiar with the travel industry, and have a good understanding of SEO and social media marketing. Please provide us with your portfolio and estimated timeline for the project. We are looking to hire for a long-term basis, so there may be additional marketing work available in the future.','2023-03-16 23:42:28','2023-10-29 20:37:54',2500000,NULL,NULL,NULL,NULL),(40,80,'Create a Social Media Advertising Campaign for a Beauty Brand','We are seeking a social media advertising expert to create and implement a campaign for a beauty brand. The campaign should target a specific audience and be designed to increase brand awareness and drive sales. The ideal candidate should have experience in social media advertising, be familiar with the beauty industry, and have a good understanding of audience targeting and ad optimization. Please provide us with your portfolio and estimated timeline for the project. We are looking to hire for a one-time project, but there may be additional marketing work available in the future.','2023-05-06 01:22:01','2023-11-29 04:15:32',1500000,NULL,NULL,NULL,NULL),(41,81,'Develop a Branding Strategy for a Sustainable Fashion Company','We are looking for a branding expert to develop a strategy for a sustainable fashion company. The strategy should focus on creating a brand identity that reflects the company\'s values and resonates with its target audience. The ideal candidate should have experience in branding, be familiar with the fashion industry, and have a good understanding of sustainability and ethical fashion. Please provide us with your portfolio and estimated timeline for the project. We are looking to hire for a long-term basis, so there may be additional marketing work available in the future.','2023-04-20 05:20:51','2023-12-09 09:21:42',3000000,NULL,NULL,NULL,NULL),(42,82,'Create a Digital Marketing Strategy for a Real Estate Agency','We are seeking a digital marketing expert to create a strategy for a real estate agency. The strategy should include tactics for generating leads, increasing website traffic, and promoting the agency\'s brand. The ideal candidate should have experience in digital marketing, be familiar with the real estate industry, and have a good understanding of SEO and PPC advertising. Please provide us with your portfolio and estimated timeline for the project. We are looking to hire for a one-time project, but there may be additional marketing work available in the future.','2023-04-01 07:25:40','2023-12-23 17:30:52',1000000,NULL,NULL,NULL,NULL),(43,83,'Design and Implement a Database for a New E-commerce Website','We are looking for a database expert to design and implement a database for a new e-commerce website. The database should be scalable, secure, and optimized for high performance. The ideal candidate should have experience in database design, be familiar with e-commerce websites, and have a good understanding of database performance tuning. Please provide us with your portfolio and estimated timeline for the project. We are looking to hire for a long-term basis, so there may be additional database work available in the future.','2023-04-16 18:36:04','2023-10-05 18:32:28',2500000,NULL,NULL,NULL,NULL),(44,84,'Migrate a Database from SQL Server to PostgreSQL','We are seeking a database expert to migrate a database from SQL Server to PostgreSQL. The database contains sensitive data and should be migrated securely and accurately. The ideal candidate should have experience in database migration, be familiar with both SQL Server and PostgreSQL, and have a good understanding of database management. Please provide us with your portfolio and estimated timeline for the project. We are looking to hire for a one-time project, but there may be additional database work available in the future.','2023-04-24 06:08:47','2023-10-06 03:53:14',1000000,NULL,NULL,NULL,NULL),(45,85,'Monitor and Optimize the Performance of a Large-scale Database','We are looking for a database expert to monitor and optimize the performance of a large-scale database. The database contains millions of records and should be optimized for high performance and scalability. The ideal candidate should have experience in database performance tuning, be familiar with database clustering and partitioning, and have a good understanding of database monitoring. Please provide us with your portfolio and estimated timeline for the project. We are looking to hire for a long-term basis, so there may be additional database work available in the future.','2023-03-19 02:40:41','2023-11-28 05:26:43',3000000,NULL,NULL,NULL,NULL),(46,86,'Develop a Database Cluster for a High-traffic Website','We are seeking a database expert to develop a database cluster for a high-traffic website. The cluster should be designed for high availability and scalability, and should be optimized for performance. The ideal candidate should have experience in database clustering, be familiar with web development, and have a good understanding of database management. Please provide us with your portfolio and estimated timeline for the project. We are looking to hire for a long-term basis, so there may be additional database work available in the future.','2023-03-04 08:50:39','2023-12-22 09:50:16',2500000,NULL,NULL,NULL,NULL),(47,87,'Optimize Database Queries for a Large-scale Analytics Platform','We are looking for a database expert to optimize database queries for a large-scale analytics platform. The platform processes millions of records and should be optimized for high performance and scalability. The ideal candidate should have experience in database query optimization, be familiar with data analytics, and have a good understanding of database performance tuning. Please provide us with your portfolio and estimated timeline for the project. We are looking to hire for a one-time project, but there may be additional database work available in the future.','2023-03-13 17:42:04','2023-10-19 10:08:23',1000000,NULL,NULL,NULL,NULL),(48,88,'Implement Firebase Authentication for a Mobile App','We are seeking a Firebase expert to implement Firebase Authentication for a mobile app. The authentication should be secure and user-friendly, and should integrate with social media logins. The ideal candidate should have experience in Firebase Authentication, be familiar with mobile app development, and have a good understanding of security best practices. Please provide us with your portfolio and estimated timeline for the project. We are looking to hire for a long-term basis, so there may be additional Firebase work available in the future.','2023-06-02 18:11:33','2023-11-28 10:29:06',2000000,NULL,NULL,NULL,NULL),(49,89,'Develop Firebase Cloud Functions for a Web Application','We are looking for a Firebase expert to develop Firebase Cloud Functions for a web application. The functions should be designed to automate tasks and improve the application\'s performance. The ideal candidate should have experience in Firebase Cloud Functions, be familiar with web application development, and have a good understanding of serverless architecture. Please provide us with your portfolio and estimated timeline for the project. We are looking to hire for a long-term basis, so there may be additional Firebase work available in the future.','2023-03-17 00:58:33','2023-12-28 11:00:11',3000000,NULL,NULL,NULL,NULL),(50,90,'Integrate Firebase Cloud Firestore into a React Native App','We are seeking a Firebase expert to integrate Firebase Cloud Firestore into a React Native app. The app should be able to store and retrieve data from Cloud Firestore, and should be optimized for performance and scalability. The ideal candidate should have experience in Firebase Cloud Firestore, be familiar with React Native development, and have a good understanding of database design. Please provide us with your portfolio and estimated timeline for the project. We are looking to hire for a long-term basis, so there may be additional Firebase work available in the future.','2023-04-25 16:44:40','2023-10-18 19:49:11',2000000,NULL,NULL,NULL,NULL),(51,91,'Set Up Firebase Cloud Messaging for an Android App','We are looking for a Firebase expert to set up Firebase Cloud Messaging for an Android app. The app should be able to receive push notifications, and the messaging should be optimized for performance and scalability. The ideal candidate should have experience in Firebase Cloud Messaging, be familiar with Android app development, and have a good understanding of push notification best practices. Please provide us with your portfolio and estimated timeline for the project. We are looking to hire for a one-time project, but there may be additional Firebase work available in the future.','2023-03-22 02:35:36','2023-10-06 00:54:02',1000000,NULL,NULL,NULL,NULL),(52,92,'Optimize Firebase Realtime Database for a Real-time Chat Application','We are seeking a Firebase expert to optimize Firebase Realtime Database for a real-time chat application. The database should be optimized for performance and scalability, and should be secure. The ideal candidate should have experience in Firebase Realtime Database, be familiar with real-time chat application development, and have a good understanding of database design. Please provide us with your portfolio and estimated timeline for the project. We are looking to hire for a long-term basis, so there may be additional Firebase work available in the future.','2023-03-25 12:29:16','2023-12-28 20:26:58',2500000,NULL,NULL,NULL,NULL),(53,93,'Create a Financial Model for a Startup Company','We are seeking a financial expert to create a financial model for a startup company. The model should include projections for revenue, expenses, and cash flow, and should be optimized for scalability and accuracy. The ideal candidate should have experience in financial modeling, be familiar with startup companies, and have a good understanding of financial analysis. Please provide us with your portfolio and estimated timeline for the project. We are looking to hire for a long-term basis, so there may be additional finance-related work available in the future.','2023-03-17 07:30:09','2023-11-18 23:32:32',3500000,NULL,NULL,NULL,NULL),(54,94,'Perform Financial Analysis on a Real Estate Investment Opportunity','We are looking for a financial expert to perform a comprehensive financial analysis on a real estate investment opportunity. The analysis should include projections for revenue, expenses, and cash flow, and should be optimized for scalability and accuracy. The ideal candidate should have experience in financial analysis, be familiar with real estate investing, and have a good understanding of financial modeling. Please provide us with your portfolio and estimated timeline for the project. We are looking to hire for a one-time project, but there may be additional finance-related work available in the future.','2023-05-03 14:05:08','2023-11-20 00:42:35',2500000,NULL,NULL,NULL,NULL),(55,95,'Develop a Financial Forecasting Model for a Retail Company','We are seeking a financial expert to develop a financial forecasting model for a retail company. The model should include projections for revenue, expenses, and cash flow, and should be optimized for scalability and accuracy. The ideal candidate should have experience in financial forecasting, be familiar with retail companies, and have a good understanding of financial analysis. Please provide us with your portfolio and estimated timeline for the project. We are looking to hire for a long-term basis, so there may be additional finance-related work available in the future.','2023-04-13 18:55:11','2023-11-18 02:59:51',3500000,NULL,NULL,NULL,NULL),(56,96,'Provide Financial Planning Services for a High Net Worth Individual','We are looking for a financial expert to provide financial planning services for a high net worth individual. The services should include investment advice, tax planning, retirement planning, and estate planning. The ideal candidate should have experience in financial planning, be familiar with high net worth individuals, and have a good understanding of financial analysis. Please provide us with your portfolio and estimated timeline for the project. We are looking to hire for a one-time project, but there may be additional finance-related work available in the future.','2023-03-27 17:53:42','2023-10-24 11:23:17',2500000,NULL,NULL,NULL,NULL),(57,97,'Edit a Financial Video using Final Cut Pro','We are seeking a video editor to edit a financial video using Final Cut Pro. The video should be optimized for social media platforms and should include animations and graphics. The ideal candidate should have experience in video editing, be familiar with Final Cut Pro, and have a good understanding of finance-related topics. Please provide us with your portfolio and estimated timeline for the project. We are looking to hire for a one-time project, but there may be additional video editing work available in the future.','2023-03-14 20:44:19','2023-10-08 13:07:55',1500000,NULL,NULL,NULL,NULL),(58,98,'Edit and Retouch Product Photos for an E-commerce Website','We are seeking a photo editor and retoucher to edit and retouch product photos for an e-commerce website. The photos should be optimized for web and should enhance the product\'s features. The ideal candidate should have experience in photo editing and retouching, be familiar with e-commerce websites, and have a good understanding of color correction and image manipulation techniques. Please provide us with your portfolio and estimated timeline for the project. We are looking to hire for a long-term basis, so there may be additional photo editing and retouching work available in the future.','2023-06-04 09:35:50','2023-10-18 18:17:01',4000000,NULL,NULL,NULL,NULL),(59,99,'Take and Edit Photos for a Food Blog','We are looking for a photographer to take and edit photos for a food blog. The photos should be optimized for web and should enhance the food\'s presentation. The ideal candidate should have experience in food photography, be familiar with food blogging, and have a good understanding of color correction and image manipulation techniques. Please provide us with your portfolio and estimated timeline for the project. We are looking to hire for a long-term basis, so there may be additional photography and photo editing work available in the future.','2023-05-15 18:03:05','2023-12-27 17:03:45',3500000,NULL,NULL,NULL,NULL),(60,21,'Create and Manage a Pinterest Marketing Campaign','We are seeking a marketing expert to create and manage a Pinterest marketing campaign for a fashion brand. The campaign should include creating engaging content, optimizing pins for search, and analyzing metrics for success. The ideal candidate should have experience in Pinterest marketing, be familiar with fashion brands, and have a good understanding of social media marketing. Please provide us with your portfolio and estimated timeline for the project. We are looking to hire for a long-term basis, so there may be additional marketing-related work available in the future.','2023-03-24 19:09:52','2023-10-31 09:57:59',4500000,NULL,NULL,NULL,NULL),(61,22,'Retouch Wedding Photos for a Photographer','We are seeking a photo retoucher to retouch wedding photos for a photographer. The photos should be optimized for print and should enhance the couple\'s features. The ideal candidate should have experience in photo retouching, be familiar with wedding photography, and have a good understanding of color correction and image manipulation techniques. Please provide us with your portfolio and estimated timeline for the project. We are looking to hire for a one-time project, but there may be additional photo retouching work available in the future.','2023-05-30 06:16:41','2023-12-09 09:15:40',2500000,NULL,NULL,NULL,NULL),(62,23,'Edit Photos for a Travel Blog','We are looking for a photo editor to edit photos for a travel blog. The photos should be optimized for web and should enhance the travel experience. The ideal candidate should have experience in photo editing, be familiar with travel blogging, and have a good understanding of color correction and image manipulation techniques. Please provide us with your portfolio and estimated timeline for the project. We are looking to hire for a long-term basis, so there may be additional photo editing work available in the future.','2023-04-01 01:19:09','2023-10-19 15:53:48',3000000,NULL,NULL,NULL,NULL),(63,24,'Develop a React Native Mobile App for a Fitness Startup','We are seeking a React Native developer to develop a mobile app for a fitness startup. The app should include features such as real-time workout tracking, in-app purchases, and social media integration. The ideal candidate should have experience in React Native development, be familiar with fitness apps, and have a good understanding of real-time databases. Please provide us with your portfolio and estimated timeline for the project. We are looking to hire for a long-term basis, so there may be additional development-related work available in the future.','2023-05-06 13:14:58','2023-10-28 12:06:12',5000000,NULL,NULL,NULL,NULL),(64,25,'Integrate Real-time Databases in a React Native App','We are looking for a React Native developer to integrate real-time databases in an existing app. The app should be optimized for real-time updates and should be able to handle large amounts of data. The ideal candidate should have experience in React Native development, be familiar with real-time databases, and have a good understanding of database optimization techniques. Please provide us with your portfolio and estimated timeline for the project. We are looking to hire for a one-time project, but there may be additional app development work available in the future.','2023-04-20 06:10:56','2023-11-01 18:59:38',3500000,NULL,NULL,NULL,NULL),(65,26,'Develop a React Native E-commerce App with Real-time Inventory Management','We are seeking a React Native developer to develop an e-commerce app with real-time inventory management. The app should include features such as product listings, shopping cart, payment gateway integration, and real-time inventory updates. The ideal candidate should have experience in React Native development, be familiar with e-commerce apps, and have a good understanding of real-time databases. Please provide us with your portfolio and estimated timeline for the project. We are looking to hire for a long-term basis, so there may be additional development-related work available in the future.','2023-05-07 17:25:20','2023-12-22 12:25:29',6000000,NULL,NULL,NULL,NULL),(66,27,'Build a Real-time Chat App using React Native','We are looking for a React Native developer to build a real-time chat app. The app should include features such as user authentication, real-time messaging, push notifications, and message history. The ideal candidate should have experience in React Native development, be familiar with chat apps, and have a good understanding of real-time databases. Please provide us with your portfolio and estimated timeline for the project. We are looking to hire for a one-time project, but there may be additional app development work available in the future.','2023-03-13 23:36:33','2023-12-25 07:47:04',3000000,NULL,NULL,NULL,NULL),(67,28,'Develop a React.js Dashboard with Real-time Analytics','We are seeking a React.js developer to develop a dashboard with real-time analytics. The dashboard should include features such as data visualization, real-time data updates, and user authentication. The ideal candidate should have experience in React.js development, be familiar with dashboard development, and have a good understanding of real-time databases. Please provide us with your portfolio and estimated timeline for the project. We are looking to hire for a long-term basis, so there may be additional development-related work available in the future.','2023-04-11 11:41:40','2023-12-23 18:30:57',5500000,NULL,NULL,NULL,NULL),(68,29,'Create Software Architecture for a Healthcare App','We are seeking a software architect to create software architecture for a healthcare app. The architecture should include defining system components, modules, interfaces, and data storage. The ideal candidate should have experience in software architecture, be familiar with healthcare apps, and have a good understanding of software development. Please provide us with your portfolio and estimated timeline for the project. We are looking to hire for a long-term basis, so there may be additional architecture-related work available in the future.','2023-03-17 03:57:51','2023-12-16 00:09:41',7500000,NULL,NULL,NULL,NULL),(69,30,'Develop Software for a Financial Services Company','We are looking for a software developer to develop software for a financial services company. The software should include features such as account management, payment processing, and data analytics. The ideal candidate should have experience in software development, be familiar with financial services, and have a good understanding of software engineering. Please provide us with your portfolio and estimated timeline for the project. We are looking to hire for a long-term basis, so there may be additional development-related work available in the future.','2023-05-11 12:23:48','2023-11-15 12:37:42',10000000,NULL,NULL,NULL,NULL),(70,31,'Create Software Documentation for a Retail Management System','We are seeking a software documentation specialist to create software documentation for a retail management system. The documentation should include user manuals, technical specifications, and system flow diagrams. The ideal candidate should have experience in software documentation, be familiar with retail management systems, and have a good understanding of software engineering. Please provide us with your portfolio and estimated timeline for the project. We are looking to hire for a one-time project, but there may be additional documentation-related work available in the future.','2023-03-24 12:10:16','2023-12-27 17:31:45',4000000,NULL,NULL,NULL,NULL),(71,32,'Implement Software Engineering Principles for a Cloud-based Application','We are looking for a software engineer to implement software engineering principles for a cloud-based application. The principles should include design patterns, scalability, and maintainability. The ideal candidate should have experience in software engineering, be familiar with cloud-based applications, and have a good understanding of software development. Please provide us with your portfolio and estimated timeline for the project. We are looking to hire for a one-time project, but there may be additional engineering-related work available in the future.','2023-03-11 08:50:27','2024-01-05 19:08:36',5500000,NULL,NULL,NULL,NULL),(72,33,'Perform Software Testing for a Mobile App','We are seeking a software tester to perform software testing for a mobile app. The testing should include functional testing, regression testing, and usability testing. The ideal candidate should have experience in software testing, be familiar with mobile apps, and have a good understanding of software development. Please provide us with your portfolio and estimated timeline for the project. We are looking to hire for a one-time project, but there may be additional testing-related work available in the future.','2023-05-24 05:40:48','2023-12-28 01:24:27',2500000,NULL,NULL,NULL,NULL),(73,34,'Create a Modern and Responsive Website for a Startup','We are seeking a web designer to create a modern and responsive website for a startup. The website should be visually appealing, user-friendly, and optimized for search engines. The ideal candidate should have experience in web design, be familiar with startups, and have a good understanding of web development. Please provide us with your portfolio and estimated timeline for the project. We are looking to hire for a one-time project, but there may be additional design-related work available in the future.','2023-03-14 22:31:25','2023-11-20 20:14:10',3000000,NULL,NULL,NULL,NULL),(74,35,'Develop a Custom Web Application for a Logistics Company','We are looking for a web developer to develop a custom web application for a logistics company. The application should include features such as shipment tracking, inventory management, and real-time updates. The ideal candidate should have experience in web development, be familiar with logistics companies, and have a good understanding of web design. Please provide us with your portfolio and estimated timeline for the project. We are looking to hire for a long-term basis, so there may be additional development-related work available in the future.','2023-04-03 04:21:19','2023-10-28 17:22:37',8000000,NULL,NULL,NULL,NULL),(75,36,'Redesign an E-commerce Website','We are seeking a web designer to redesign an e-commerce website. The website should be visually appealing, user-friendly, and optimized for search engines. The ideal candidate should have experience in web design, be familiar with e-commerce websites, and have a good understanding of web development. Please provide us with your portfolio and estimated timeline for the project. We are looking to hire for a one-time project, but there may be additional design-related work available in the future.','2023-05-08 17:07:17','2023-10-13 20:53:25',4500000,NULL,NULL,NULL,NULL),(76,37,'Build a Custom WordPress Theme for a News Website','We are looking for a web developer to build a custom WordPress theme for a news website. The theme should be visually appealing, user-friendly, and optimized for search engines. The ideal candidate should have experience in web development, be familiar with WordPress, and have a good understanding of web design. Please provide us with your portfolio and estimated timeline for the project. We are looking to hire for a one-time project, but there may be additional development-related work available in the future.','2023-05-29 14:11:19','2023-11-25 16:50:45',6000000,NULL,NULL,NULL,NULL),(77,38,'Optimize the Performance of a Web Application','We are seeking a web developer to optimize the performance of a web application. The application should load quickly, be responsive, and have minimal downtime. The ideal candidate should have experience in web development, be familiar with web performance optimization, and have a good understanding of web design. Please provide us with your portfolio and estimated timeline for the project. We are looking to hire for a one-time project, but there may be additional optimization-related work available in the future.','2023-03-25 21:42:03','2023-11-22 17:18:53',3500000,NULL,NULL,NULL,NULL),(78,39,'Implement Dynamic Programming Algorithm for a Bioinformatics Project','We are looking for a software developer to implement a dynamic programming algorithm for a bioinformatics project. The algorithm should be able to efficiently compare and align DNA sequences. The ideal candidate should have experience in dynamic programming, be familiar with bioinformatics, and have a good understanding of C++. Please provide us with your portfolio and estimated timeline for the project. We are looking to hire for a one-time project, but there may be additional algorithm-related work available in the future.','2023-04-29 09:40:57','2023-11-23 07:06:59',5000000,NULL,NULL,NULL,NULL),(79,40,'Develop Data Structures for a High-Frequency Trading Platform','We are seeking a software developer to develop data structures for a high-frequency trading platform. The data structures should be optimized for speed and memory usage. The ideal candidate should have experience in data structures, be familiar with high-frequency trading, and have a good understanding of C++. Please provide us with your portfolio and estimated timeline for the project. We are looking to hire for a long-term basis, so there may be additional development-related work available in the future.','2023-04-27 21:33:01','2023-12-22 14:32:40',10000000,NULL,NULL,NULL,NULL),(80,41,'Optimize C++ Algorithms for a Computer Vision System','We are seeking a software developer to optimize C++ algorithms for a computer vision system. The algorithms should be optimized for speed and accuracy. The ideal candidate should have experience in C++, be familiar with computer vision, and have a good understanding of algorithms. Please provide us with your portfolio and estimated timeline for the project. We are looking to hire for a one-time project, but there may be additional optimization-related work available in the future.','2023-04-02 06:18:32','2023-11-18 02:30:43',6000000,NULL,NULL,NULL,NULL),(81,42,'Create C++ Implementations of Graph Algorithms','We are looking for a software developer to create C++ implementations of graph algorithms. The algorithms should be able to efficiently traverse graphs and calculate shortest paths. The ideal candidate should have experience in C++, be familiar with graph algorithms, and have a good understanding of data structures. Please provide us with your portfolio and estimated timeline for the project. We are looking to hire for a one-time project, but there may be additional algorithm-related work available in the future.','2023-04-17 01:01:38','2023-12-12 06:43:22',3500000,NULL,NULL,NULL,NULL),(82,43,'Design and Implement Hash Table Data Structure in C++','We are seeking a software developer to design and implement a hash table data structure in C++. The hash table should be able to efficiently store and retrieve data. The ideal candidate should have experience in C++, be familiar with data structures, and have a good understanding of algorithms. Please provide us with your portfolio and estimated timeline for the project. We are looking to hire for a one-time project, but there may be additional data structure-related work available in the future.','2023-05-01 11:05:59','2023-10-31 23:50:05',2500000,NULL,NULL,NULL,NULL),(83,44,'Design a Web Application UI/UX using Figma','We are seeking a UI/UX designer to design a web application interface using Figma. The interface should be visually appealing, user-friendly, and optimized for responsiveness. The ideal candidate should have experience in Figma, be familiar with web application design, and have a good understanding of user experience design principles. Please provide us with your portfolio and estimated timeline for the project. We are looking to hire for a one-time project, but there may be additional design-related work available in the future.','2023-05-08 13:43:02','2023-11-10 10:35:44',4500000,NULL,NULL,NULL,NULL),(84,45,'Create a Mobile App UI/UX using Figma','We are seeking a UI/UX designer to create a mobile application interface using Figma. The interface should be visually appealing, user-friendly, and optimized for responsiveness. The ideal candidate should have experience in Figma, be familiar with mobile application design, and have a good understanding of user experience design principles. Please provide us with your portfolio and estimated timeline for the project. We are looking to hire for a one-time project, but there may be additional design-related work available in the future.','2023-03-25 18:32:46','2023-12-13 07:19:25',3500000,NULL,NULL,NULL,NULL),(85,46,'Redesign a Website UI/UX using Figma','We are seeking a UI/UX designer to redesign a website interface using Figma. The interface should be visually appealing, user-friendly, and optimized for responsiveness. The ideal candidate should have experience in Figma, be familiar with website design, and have a good understanding of user experience design principles. Please provide us with your portfolio and estimated timeline for the project. We are looking to hire for a one-time project, but there may be additional design-related work available in the future.','2023-05-01 17:44:33','2023-12-15 03:30:59',6000000,NULL,NULL,NULL,NULL),(86,47,'Design a Landing Page UI/UX using Figma','We are seeking a UI/UX designer to design a landing page interface using Figma. The interface should be visually appealing, user-friendly, and optimized for conversions. The ideal candidate should have experience in Figma, be familiar with landing page design, and have a good understanding of user experience design principles. Please provide us with your portfolio and estimated timeline for the project. We are looking to hire for a one-time project, but there may be additional design-related work available in the future.','2023-04-07 20:10:31','2023-10-26 18:43:51',1500000,NULL,NULL,NULL,NULL),(87,48,'Create a Prototype UI/UX using Figma','We are seeking a UI/UX designer to create a prototype interface using Figma. The interface should be visually appealing, user-friendly, and optimized for user testing. The ideal candidate should have experience in Figma, be familiar with prototyping, and have a good understanding of user experience design principles. Please provide us with your portfolio and estimated timeline for the project. We are looking to hire for a one-time project, but there may be additional design-related work available in the future.','2023-05-20 09:16:17','2023-12-30 01:06:19',2500000,NULL,NULL,NULL,NULL),(88,49,'Create 3D Models of Furniture for an E-Commerce Site','We are seeking a 3D modeler to create 3D models of furniture for an e-commerce site. The models should be accurate, visually appealing, and optimized for rendering and 3D printing. The ideal candidate should have experience in 3D modeling, be familiar with furniture design, and have a good understanding of 3D printing and rendering. Please provide us with your portfolio and estimated timeline for the project. We are looking to hire for a long-term basis, so there may be additional modeling-related work available in the future.','2023-04-29 21:38:54','2023-10-08 02:33:06',8000000,NULL,NULL,NULL,NULL),(89,50,'Design and Render 3D Models of Architectural Plans','We are seeking a 3D designer to design and render 3D models of architectural plans. The models should be accurate, visually appealing, and optimized for rendering and presentation. The ideal candidate should have experience in 3D design, be familiar with architectural design, and have a good understanding of 3D rendering. Please provide us with your portfolio and estimated timeline for the project. We are looking to hire for a one-time project, but there may be additional design-related work available in the future.','2023-06-02 03:01:18','2023-10-27 12:24:14',6000000,NULL,NULL,NULL,NULL),(90,71,'Create 3D Models of Product Designs for Prototyping','We are seeking a 3D modeler to create 3D models of product designs for prototyping. The models should be accurate, visually appealing, and optimized for 3D printing. The ideal candidate should have experience in 3D modeling, be familiar with product design, and have a good understanding of 3D printing. Please provide us with your portfolio and estimated timeline for the project. We are looking to hire for a one-time project, but there may be additional modeling-related work available in the future.','2023-04-08 05:53:19','2023-11-22 09:25:13',3500000,NULL,NULL,NULL,NULL),(91,72,'Create 3D Renderings of a Real Estate Development Project','We are seeking a 3D designer to create 3D renderings of a real estate development project. The renderings should be accurate, visually appealing, and optimized for presentation and marketing purposes. The ideal candidate should have experience in 3D design, be familiar with architectural design, and have a good understanding of 3D rendering. Please provide us with your portfolio and estimated timeline for the project. We are looking to hire for a one-time project, but there may be additional design-related work available in the future.','2023-04-25 22:44:09','2023-10-08 13:54:01',4500000,NULL,NULL,NULL,NULL),(92,73,'Design and 3D Print a Prototype of a Product','We are seeking a 3D designer to design and 3D print a prototype of a product. The design should be accurate, visually appealing, and optimized for 3D printing. The ideal candidate should have experience in 3D design, be familiar with product design, and have a good understanding of 3D printing. Please provide us with your portfolio and estimated timeline for the project. We are looking to hire for a one-time project, but there may be additional design-related work available in the future.','2023-05-12 13:37:54','2023-10-05 22:48:50',3000000,NULL,NULL,NULL,NULL),(93,74,'Manage Email Marketing Campaigns for E-Commerce Store','We are seeking an email marketing specialist to manage email marketing campaigns for our e-commerce store. The ideal candidate should have experience in email marketing, be familiar with e-commerce, and have a good understanding of email marketing best practices. Responsibilities include creating email content, managing subscriber lists, and analyzing campaign performance. Please provide us with your portfolio and estimated timeline for the project. We are looking to hire for a long-term basis, so there may be additional email marketing-related work available in the future.','2023-03-15 03:20:51','2023-11-29 04:56:37',7500000,NULL,NULL,NULL,NULL),(94,75,'Provide Email Support for Online Education Platform','We are seeking an email support specialist to provide email support for our online education platform. The ideal candidate should have experience in email support, be familiar with online education, and have a good understanding of customer support best practices. Responsibilities include responding to customer inquiries, resolving issues, and escalating issues as needed. Please provide us with your portfolio and estimated timeline for the project. We are looking to hire for a long-term basis, so there may be additional support-related work available in the future.','2023-04-01 18:22:34','2023-12-15 04:13:03',6000000,NULL,NULL,NULL,NULL),(95,76,'Create Email Templates for Real Estate Agency','We are seeking an email designer to create email templates for our real estate agency. The ideal candidate should have experience in email design, be familiar with real estate, and have a good understanding of email marketing best practices. Responsibilities include creating visually appealing templates, optimizing templates for different devices, and testing templates for deliverability. Please provide us with your portfolio and estimated timeline for the project. We are looking to hire for a one-time project, but there may be additional design-related work available in the future.','2023-03-11 05:36:10','2023-10-30 00:50:16',4500000,NULL,NULL,NULL,NULL),(96,77,'Manage Email Database for Non-Profit Organization','We are seeking an email management specialist to manage our email database for our non-profit organization. The ideal candidate should have experience in email management, be familiar with non-profits, and have a good understanding of email marketing best practices. Responsibilities include managing subscriber lists, segmenting lists, and analyzing subscriber engagement. Please provide us with your portfolio and estimated timeline for the project. We are looking to hire for a long-term basis, so there may be additional email-related work available in the future.','2023-03-06 21:36:36','2023-11-17 12:13:34',6500000,NULL,NULL,NULL,NULL),(97,78,'Write Email Copy for a Marketing Agency','We are seeking an email copywriter to write email copy for our marketing agency. The ideal candidate should have experience in email copywriting, be familiar with marketing, and have a good understanding of email marketing best practices. Responsibilities include writing compelling and persuasive email copy, optimizing copy for different devices, and testing copy for deliverability. Please provide us with your portfolio and estimated timeline for the project. We are looking to hire for a long-term basis, so there may be additional copywriting-related work available in the future.','2023-05-09 09:50:39','2023-12-26 21:53:09',7000000,NULL,NULL,NULL,NULL),(98,79,'Develop a Distributed Database System for a Social Network','We are seeking a distributed database specialist to develop a distributed database system for a social network. The system should be scalable, reliable, and optimized for high availability. The ideal candidate should have experience in distributed databases, be familiar with social networks, and have a good understanding of database architecture. Please provide us with your portfolio and estimated timeline for the project. We are looking to hire for a one-time project, but there may be additional database-related work available in the future.','2023-03-30 22:51:01','2023-12-31 16:53:36',12000000,NULL,NULL,NULL,NULL),(99,80,'Develop a Django Web Application for a Fitness Studio','We are seeking a Django developer to develop a web application for a fitness studio. The application should be scalable, secure, and optimized for performance. The ideal candidate should have experience in Django development, be familiar with fitness studios, and have a good understanding of web application development. Please provide us with your portfolio and estimated timeline for the project. We are looking to hire for a one-time project, but there may be additional development-related work available in the future.','2023-03-05 23:11:50','2023-12-22 16:50:52',8000000,NULL,NULL,NULL,NULL),(100,81,'Maintain and Update a Django Web Application for an E-Commerce Site','We are seeking a Django developer to maintain and update a web application for an e-commerce site. The application should be scalable, secure, and optimized for performance. The ideal candidate should have experience in Django development, be familiar with e-commerce, and have a good understanding of web application maintenance and updates. Please provide us with your portfolio and estimated timeline for the project. We are looking to hire for a long-term basis, so there may be additional maintenance and update-related work available in the future.','2023-05-03 18:56:37','2023-12-09 22:31:44',10000000,NULL,NULL,NULL,NULL),(101,82,'Optimize a Distributed Database System for a Financial Services Company','We are seeking a distributed database specialist to optimize a distributed database system for a financial services company. The system should be scalable, reliable, and optimized for high availability. The ideal candidate should have experience in distributed databases, be familiar with financial services, and have a good understanding of database optimization. Please provide us with your portfolio and estimated timeline for the project. We are looking to hire for a one-time project, but there may be additional optimization-related work available in the future.','2023-04-08 02:45:02','2023-12-01 11:37:05',15000000,NULL,NULL,NULL,NULL),(102,83,'Develop a Django CMS for a News Website','We are seeking a Django developer to develop a content management system (CMS) for a news website. The CMS should be scalable, secure, and optimized for performance. The ideal candidate should have experience in Django development, be familiar with news websites, and have a good understanding of web application development. Please provide us with your portfolio and estimated timeline for the project. We are looking to hire for a one-time project, but there may be additional development-related work available in the future.','2023-03-13 16:06:00','2023-12-05 18:35:32',9000000,NULL,NULL,NULL,NULL),(103,84,'Provide Educational Consulting Services for a Non-Profit Organization','We are seeking an educational consultant to provide consulting services for a non-profit organization. The ideal candidate should have experience in educational consulting, be familiar with non-profits, and have a good understanding of education-related issues. Responsibilities include analyzing educational programs, providing recommendations for improvement, and developing new programs. Please provide us with your portfolio and estimated timeline for the project. We are looking to hire for a long-term basis, so there may be additional consulting-related work available in the future.','2023-03-23 10:30:11','2023-11-12 13:08:51',10000000,NULL,NULL,NULL,NULL),(104,85,'Write Educational Materials for an Online Learning Platform','We are seeking an educational writer to write educational materials for an online learning platform. The ideal candidate should have experience in educational writing, be familiar with online learning, and have a good understanding of educational content creation. Responsibilities include researching and writing educational materials, developing assessments, and optimizing materials for online delivery. Please provide us with your portfolio and estimated timeline for the project. We are looking to hire for a long-term basis, so there may be additional writing-related work available in the future.','2023-04-27 21:24:59','2023-12-15 20:49:27',8000000,NULL,NULL,NULL,NULL),(105,86,'Provide Educational Consulting Services for a Public School District','We are seeking an educational consultant to provide consulting services for a public school district. The ideal candidate should have experience in educational consulting, be familiar with public school districts, and have a good understanding of education-related issues. Responsibilities include analyzing educational programs, providing recommendations for improvement, and developing new programs. Please provide us with your portfolio and estimated timeline for the project. We are looking to hire for a long-term basis, so there may be additional consulting-related work available in the future.','2023-05-30 23:45:05','2023-10-19 08:22:09',12000000,NULL,NULL,NULL,NULL),(106,87,'Write Educational Articles for a Education-Focused Publication','We are seeking an educational writer to write educational articles for an education-focused publication. The ideal candidate should have experience in educational writing, be familiar with education publications, and have a good understanding of educational content creation. Responsibilities include researching and writing educational articles on a variety of topics, developing assessments, and optimizing materials for publication. Please provide us with your portfolio and estimated timeline for the project. We are looking to hire for a long-term basis, so there may be additional writing-related work available in the future.','2023-04-28 20:17:52','2023-11-02 09:58:52',5000000,NULL,NULL,NULL,NULL),(107,88,'Develop Educational Content for a Corporate Training Program','We are seeking an educational writer to develop educational content for a corporate training program. The ideal candidate should have experience in educational writing, be familiar with corporate training, and have a good understanding of educational content creation. Responsibilities include researching and writing educational materials on a variety of topics, developing assessments, and optimizing materials for online delivery. Please provide us with your portfolio and estimated timeline for the project. We are looking to hire for a one-time project, but there may be additional writing-related work available in the future.','2023-03-10 22:12:32','2023-12-25 05:55:54',7000000,NULL,NULL,NULL,NULL),(108,89,'Migrate an On-Premise Database to a Cloud Database Solution','We are seeking a cloud migration specialist to migrate an on-premise database to a cloud database solution. The ideal candidate should have experience in cloud migration, be familiar with cloud databases, and have a good understanding of database architecture. Responsibilities include assessing the current database environment, developing a migration plan, and executing the migration. Please provide us with your portfolio and estimated timeline for the project. We are looking to hire for a one-time project, but there may be additional migration-related work available in the future.','2023-03-15 17:46:02','2023-11-09 01:12:55',15000000,NULL,NULL,NULL,NULL),(109,90,'Ensure Cloud Security for a Cloud-Hosted Application','We are seeking a cloud security specialist to ensure cloud security for a cloud-hosted application. The ideal candidate should have experience in cloud security, be familiar with cloud infrastructure, and have a good understanding of security best practices. Responsibilities include assessing the current security environment, developing a security plan, and implementing security measures. Please provide us with your portfolio and estimated timeline for the project. We are looking to hire for a long-term basis, so there may be additional security-related work available in the future.','2023-04-13 23:14:37','2023-12-31 03:33:30',12000000,NULL,NULL,NULL,NULL),(110,91,'Develop a Cloud Infrastructure for a SaaS Platform','We are seeking a cloud infrastructure specialist to develop a cloud infrastructure for a Software-as-a-Service (SaaS) platform. The ideal candidate should have experience in cloud infrastructure, be familiar with cloud computing, and have a good understanding of scaling applications. Responsibilities include assessing the current environment, developing a cloud infrastructure plan, and implementing the infrastructure. Please provide us with your portfolio and estimated timeline for the project. We are looking to hire for a long-term basis, so there may be additional infrastructure-related work available in the future.','2023-05-18 00:17:36','2023-12-26 12:52:23',10000000,NULL,NULL,NULL,NULL),(111,92,'Develop a Cloud Storage Strategy for a Large Enterprise','We are seeking a cloud storage specialist to develop a cloud storage strategy for a large enterprise. The ideal candidate should have experience in cloud storage, be familiar with cloud computing, and have a good understanding of storage best practices. Responsibilities include assessing the current storage environment, developing a storage strategy, and implementing the strategy. Please provide us with your portfolio and estimated timeline for the project. We are looking to hire for a long-term basis, so there may be additional storage-related work available in the future.','2023-05-02 17:45:30','2023-10-04 06:55:33',15000000,NULL,NULL,NULL,NULL),(112,93,'Consult on a Cloud Strategy for a Small Business','We are seeking a cloud strategy consultant to consult on a cloud strategy for a small business. The ideal candidate should have experience in cloud strategy, be familiar with cloud computing, and have a good understanding of small business needs. Responsibilities include assessing the current environment, developing a cloud strategy, and providing recommendations for implementation. Please provide us with your portfolio and estimated timeline for the project. We are looking to hire for a one-time project, but there may be additional consulting-related work available in the future.','2023-05-10 10:57:42','2023-12-07 05:13:23',8000000,NULL,NULL,NULL,NULL),(113,94,'Develop a Mobile App using Ionic Framework','We are seeking an Ionic developer to develop a mobile app using the Ionic Framework. The ideal candidate should have experience in Ionic development, be familiar with mobile app development, and have a good understanding of front-end development. Responsibilities include developing the app, testing it, and optimizing it for performance. Please provide us with your portfolio and estimated timeline for the project. We are looking to hire for a long-term basis, so there may be additional Ionic-related work available in the future.','2023-04-19 06:19:01','2023-10-11 00:47:49',8000000,NULL,NULL,NULL,NULL),(114,95,'Customize an Existing Ionic App','We are seeking an Ionic developer to customize an existing Ionic app. The ideal candidate should have experience in Ionic development, be familiar with mobile app development, and have a good understanding of front-end development. Responsibilities include customizing the app to meet specific requirements, testing it, and optimizing it for performance. Please provide us with your portfolio and estimated timeline for the project. We are looking to hire for a one-time project, but there may be additional Ionic-related work available in the future.','2023-03-09 17:54:16','2023-11-16 09:45:29',5000000,NULL,NULL,NULL,NULL),(115,96,'Build a Hybrid App using Ionic Framework','We are seeking an Ionic developer to build a hybrid app using the Ionic Framework. The ideal candidate should have experience in Ionic development, be familiar with hybrid app development, and have a good understanding of front-end development. Responsibilities include developing the app, testing it, and optimizing it for performance. Please provide us with your portfolio and estimated timeline for the project. We are looking to hire for a long-term basis, so there may be additional Ionic-related work available in the future.','2023-04-13 07:23:16','2023-12-24 08:29:05',10000000,NULL,NULL,NULL,NULL),(116,97,'Integrate a Payment Gateway into an Ionic App','We are seeking an Ionic developer to integrate a payment gateway into an Ionic app. The ideal candidate should have experience in Ionic development, be familiar with payment gateway integration, and have a good understanding of front-end development. Responsibilities include integrating the payment gateway, testing it, and optimizing it for performance. Please provide us with your portfolio and estimated timeline for the project. We are looking to hire for a one-time project, but there may be additional Ionic-related work available in the future.','2023-05-31 20:53:49','2023-11-07 19:00:27',6000000,NULL,NULL,NULL,NULL),(117,98,'Develop a Progressive Web App using Ionic Framework','We are seeking an Ionic developer to develop a progressive web app using the Ionic Framework. The ideal candidate should have experience in Ionic development, be familiar with web app development, and have a good understanding of front-end development. Responsibilities include developing the app, testing it, and optimizing it for performance. Please provide us with your portfolio and estimated timeline for the project. We are looking to hire for a long-term basis, so there may be additional Ionic-related work available in the future.','2023-05-03 03:31:20','2023-11-06 20:28:38',12000000,NULL,NULL,NULL,NULL),(118,99,'Edit a Promotional Video for a Business','We are seeking a video editor to edit a promotional video for a business. The ideal candidate should have experience in video editing, be familiar with promotional video production, and have a good understanding of video editing software. Responsibilities include editing the video, adding effects and transitions, and optimizing it for social media platforms. Please provide us with your portfolio and estimated timeline for the project. We are looking to hire for a one-time project, but there may be additional video editing-related work available in the future.','2023-06-04 18:18:33','2024-01-05 10:39:55',5000000,NULL,NULL,NULL,NULL),(119,21,'Produce a Product Demo Video for a Tech Startup','We are seeking a video producer to produce a product demo video for a tech startup. The ideal candidate should have experience in video production, be familiar with product demo videos, and have a good understanding of video editing software. Responsibilities include planning the video, filming it, and editing it. Please provide us with your portfolio and estimated timeline for the project. We are looking to hire for a one-time project, but there may be additional video production-related work available in the future.','2023-03-12 09:18:26','2024-01-02 11:33:07',8000000,NULL,NULL,NULL,NULL),(120,22,'Edit a Wedding Video','We are seeking a video editor to edit a wedding video. The ideal candidate should have experience in video editing, be familiar with wedding video production, and have a good understanding of video editing software. Responsibilities include editing the video, adding effects and transitions, and optimizing it for viewing. Please provide us with your portfolio and estimated timeline for the project. We are looking to hire for a one-time project, but there may be additional video editing-related work available in the future.','2023-04-01 23:30:00','2024-01-05 05:00:29',3000000,NULL,NULL,NULL,NULL),(121,23,'Produce an Explainer Video for a New Product','We are seeking a video producer to produce an explainer video for a new product. The ideal candidate should have experience in video production, be familiar with explainer videos, and have a good understanding of video editing software. Responsibilities include planning the video, filming it, and editing it. Please provide us with your portfolio and estimated timeline for the project. We are looking to hire for a one-time project, but there may be additional video production-related work available in the future.','2023-03-21 21:14:07','2023-10-14 01:03:48',10000000,NULL,NULL,NULL,NULL),(122,24,'Edit a Music Video','We are seeking a video editor to edit a music video. The ideal candidate should have experience in video editing, be familiar with music video production, and have a good understanding of video editing software. Responsibilities include editing the video, adding effects and transitions, and optimizing it for viewing. Please provide us with your portfolio and estimated timeline for the project. We are looking to hire for a one-time project, but there may be additional video editing-related work available in the future.','2023-04-12 01:02:46','2023-10-08 08:24:32',5000000,NULL,NULL,NULL,NULL),(123,25,'Set up and maintain network infrastructure','We are seeking a network administrator to set up and maintain our network infrastructure. The ideal candidate should have experience in configuring routers, switches, and firewalls, be familiar with network protocols and topologies, and have a good understanding of network security. Responsibilities include designing and implementing the network, monitoring network performance, and troubleshooting network issues. Please provide us with your portfolio and estimated timeline for the project. We are looking to hire for a long-term basis, so there may be additional network administration-related work available in the future.','2023-05-24 19:59:58','2023-11-27 21:21:03',15000000,NULL,NULL,NULL,NULL),(124,26,'Configure and troubleshoot network devices','We are seeking a networking expert to configure and troubleshoot our network devices. The ideal candidate should have experience in configuring routers, switches, and firewalls, be familiar with various network protocols and topologies, and have a good understanding of network security. Responsibilities include configuring network devices, monitoring network performance, and troubleshooting network issues. Please provide us with your portfolio and estimated timeline for the project. We are looking to hire for a one-time project, but there may be additional networking-related work available in the future.','2023-05-30 19:35:48','2023-12-20 04:40:55',5000000,NULL,NULL,NULL,NULL),(125,27,'Install and configure network software','We are seeking a network technician to install and configure our network software. The ideal candidate should have experience in installing and configuring network operating systems, be familiar with network protocols and topologies, and have a good understanding of network security. Responsibilities include installing and configuring network software, monitoring network performance, and troubleshooting network issues. Please provide us with your portfolio and estimated timeline for the project. We are looking to hire for a one-time project, but there may be additional networking-related work available in the future.','2023-05-16 09:45:26','2023-10-18 05:09:56',3500000,NULL,NULL,NULL,NULL),(126,28,'Design and implement network security policies','We are seeking a network security specialist to design and implement our network security policies. The ideal candidate should have experience in network security, be familiar with network protocols and topologies, and have a good understanding of risk assessment and security controls. Responsibilities include designing and implementing network security policies, monitoring network security, and responding to security incidents. Please provide us with your portfolio and estimated timeline for the project. We are looking to hire for a long-term basis, so there may be additional network security-related work available in the future.','2023-04-21 19:52:03','2023-11-11 10:13:36',20000000,NULL,NULL,NULL,NULL),(127,29,'Optimize network performance','We are seeking a network optimization engineer to optimize our network performance. The ideal candidate should have experience in network performance optimization, be familiar with network protocols and topologies, and have a good understanding of network monitoring tools. Responsibilities include analyzing network performance, identifying bottlenecks, and implementing solutions to improve network performance. Please provide us with your portfolio and estimated timeline for the project. We are looking to hire for a one-time project, but there may be additional network optimization-related work available in the future.','2023-04-10 12:35:46','2023-10-29 12:46:14',8000000,NULL,NULL,NULL,NULL),(128,30,'Conduct market research for a new product launch','We are seeking a market research analyst to conduct market research for a new product launch. The ideal candidate should have experience in market research, be familiar with various research methodologies, and have a good understanding of data analysis. Responsibilities include designing research studies, collecting and analyzing data, and presenting findings to the management team. Please provide us with your portfolio and estimated timeline for the project. We are looking to hire for a one-time project, but there may be additional market research-related work available in the future.','2023-04-27 06:38:47','2023-10-28 11:41:12',6000000,NULL,NULL,NULL,NULL),(129,31,'Develop a marketing strategy for a startup','We are seeking a marketing strategist to develop a marketing strategy for a startup. The ideal candidate should have experience in marketing strategy development, be familiar with various marketing channels, and have a good understanding of market segmentation. Responsibilities include researching the target market, developing marketing campaigns, and evaluating campaign effectiveness. Please provide us with your portfolio and estimated timeline for the project. We are looking to hire for a one-time project, but there may be additional marketing strategy-related work available in the future.','2023-05-08 01:39:00','2023-12-15 21:10:29',10000000,NULL,NULL,NULL,NULL),(130,32,'Conduct a competitor analysis for a retail business','We are seeking a market research analyst to conduct a competitor analysis for a retail business. The ideal candidate should have experience in market research, be familiar with various research methodologies, and have a good understanding of data analysis. Responsibilities include identifying competitors, analyzing their strengths and weaknesses, and making recommendations to the management team. Please provide us with your portfolio and estimated timeline for the project. We are looking to hire for a one-time project, but there may be additional market research-related work available in the future.','2023-05-20 01:48:39','2023-12-05 15:44:18',4500000,NULL,NULL,NULL,NULL),(131,33,'Develop a digital marketing plan for an e-commerce business','We are seeking a digital marketing specialist to develop a digital marketing plan for an e-commerce business. The ideal candidate should have experience in digital marketing, be familiar with various digital channels, and have a good understanding of marketing analytics. Responsibilities include developing a digital marketing strategy, executing digital campaigns, and measuring campaign effectiveness. Please provide us with your portfolio and estimated timeline for the project. We are looking to hire for a one-time project, but there may be additional digital marketing-related work available in the future.','2023-03-20 12:12:23','2023-10-13 14:40:55',12000000,NULL,NULL,NULL,NULL),(132,34,'Design and execute market research studies','We are seeking a market research manager to design and execute market research studies. The ideal candidate should have experience in market research, be familiar with various research methodologies, and have a good understanding of data analysis. Responsibilities include managing research projects, analyzing research data, and presenting findings to the management team. Please provide us with your portfolio and estimated timeline for the project. We are looking to hire for a long-term basis, so there may be additional market research-related work available in the future.','2023-03-30 08:12:45','2023-10-30 14:52:23',18000000,NULL,NULL,NULL,NULL),(133,35,'Compose original music for a video game','We are seeking a music composer to compose original music for a video game. The ideal candidate should have experience in music composition, be familiar with various music genres, and have a good understanding of music theory. Responsibilities include composing and producing music tracks that fit the style and mood of the game, collaborating with the game development team, and delivering high-quality audio files. Please provide us with your portfolio and estimated timeline for the project. We are looking to hire for a one-time project, but there may be additional music composition-related work available in the future.','2023-05-31 15:59:25','2023-10-21 10:48:18',8000000,NULL,NULL,NULL,NULL),(134,36,'Produce and mix music tracks for a podcast','We are seeking a music producer to produce and mix music tracks for a podcast. The ideal candidate should have experience in music production, be familiar with various music genres, and have a good understanding of audio editing software. Responsibilities include producing and mixing music tracks that fit the style and tone of the podcast, collaborating with the podcast production team, and delivering high-quality audio files. Please provide us with your portfolio and estimated timeline for the project. We are looking to hire for a one-time project, but there may be additional music production-related work available in the future.','2023-06-01 10:59:01','2023-10-31 04:12:29',5000000,NULL,NULL,NULL,NULL),(135,37,'Compose music for a short film','We are seeking a music composer to compose music for a short film. The ideal candidate should have experience in music composition, be familiar with various music genres, and have a good understanding of music theory. Responsibilities include composing and producing music that fits the style and tone of the film, collaborating with the film production team, and delivering high-quality audio files. Please provide us with your portfolio and estimated timeline for the project. We are looking to hire for a one-time project, but there may be additional music composition-related work available in the future.','2023-05-30 02:41:22','2023-12-31 19:17:49',6000000,NULL,NULL,NULL,NULL),(136,38,'Produce and mix music tracks for a commercial','We are seeking a music producer to produce and mix music tracks for a commercial. The ideal candidate should have experience in music production, be familiar with various music genres, and have a good understanding of audio editing software. Responsibilities include producing and mixing music tracks that fit the style and tone of the commercial, collaborating with the commercial production team, and delivering high-quality audio files. Please provide us with your portfolio and estimated timeline for the project. We are looking to hire for a one-time project, but there may be additional music production-related work available in the future.','2023-03-05 03:43:12','2024-01-05 08:38:45',7000000,NULL,NULL,NULL,NULL),(137,39,'Compose music for a video game trailer','We are seeking a music composer to compose music for a video game trailer. The ideal candidate should have experience in music composition, be familiar with various music genres, and have a good understanding of music theory. Responsibilities include composing and producing music that fits the style and mood of the trailer, collaborating with the game development team, and delivering high-quality audio files. Please provide us with your portfolio and estimated timeline for the project. We are looking to hire for a one-time project, but there may be additional music composition-related work available in the future.','2023-05-22 23:26:22','2024-01-05 03:05:15',9000000,NULL,NULL,NULL,NULL),(138,40,'Develop a NoSQL database solution for a social media platform','We are seeking a NoSQL database developer to develop a database solution for a social media platform. The ideal candidate should have experience in NoSQL database development, be familiar with various NoSQL databases, and have a good understanding of database architecture. Responsibilities include designing and implementing a database solution that can handle large amounts of data, optimizing database performance, and ensuring data security. Please provide us with your portfolio and estimated timeline for the project. We are looking to hire for a one-time project, but there may be additional NoSQL database-related work available in the future.','2023-05-19 19:53:11','2023-12-28 05:25:42',10000000,NULL,NULL,NULL,NULL),(139,41,'Design and develop APIs for a mobile app','We are seeking an API developer to design and develop APIs for a mobile app. The ideal candidate should have experience in API development, be familiar with various API frameworks, and have a good understanding of RESTful API architecture. Responsibilities include designing and implementing APIs that can handle requests from the mobile app, ensuring API security, and optimizing API performance. Please provide us with your portfolio and estimated timeline for the project. We are looking to hire for a one-time project, but there may be additional API development-related work available in the future.','2023-05-07 01:11:01','2023-12-18 10:23:30',8000000,NULL,NULL,NULL,NULL),(140,42,'Develop a NoSQL database solution for a healthcare application','We are seeking a NoSQL database developer to develop a database solution for a healthcare application. The ideal candidate should have experience in NoSQL database development, be familiar with various NoSQL databases, and have a good understanding of database architecture. Responsibilities include designing and implementing a database solution that can handle large amounts of medical data, optimizing database performance, and ensuring data security and compliance with HIPAA regulations. Please provide us with your portfolio and estimated timeline for the project. We are looking to hire for a one-time project, but there may be additional NoSQL database-related work available in the future.','2023-04-05 12:49:57','2023-11-26 13:37:26',12000000,NULL,NULL,NULL,NULL),(141,43,'Design and develop APIs for an e-commerce website','We are seeking an API developer to design and develop APIs for an e-commerce website. The ideal candidate should have experience in API development, be familiar with various API frameworks, and have a good understanding of RESTful API architecture. Responsibilities include designing and implementing APIs that can handle requests from the website, ensuring API security, and optimizing API performance. Please provide us with your portfolio and estimated timeline for the project. We are looking to hire for a one-time project, but there may be additional API development-related work available in the future.','2023-05-04 03:45:19','2023-11-12 03:06:59',10000000,NULL,NULL,NULL,NULL),(142,44,'Develop and maintain a NoSQL database for a logistics company','We are seeking a NoSQL database developer to develop and maintain a database for a logistics company. The ideal candidate should have experience in NoSQL database development and maintenance, be familiar with various NoSQL databases, and have a good understanding of database architecture. Responsibilities include designing and implementing a database solution that can handle large amounts of logistics data, optimizing database performance, and ensuring data security. Additionally, the candidate will be responsible for maintaining the database and ensuring data integrity. Please provide us with your portfolio and estimated timeline for the project. We are looking to hire for a full-time position.','2023-03-20 21:51:14','2023-12-14 03:42:02',15000000,NULL,NULL,NULL,NULL),(143,45,'Design and develop an object-oriented database for a financial application','We are seeking an object-oriented database developer to design and develop an object-oriented database for a financial application. The ideal candidate should have experience in object-oriented database development, be familiar with various object-oriented database systems, and have a good understanding of database architecture. Responsibilities include designing and implementing a database solution that can handle complex financial data, optimizing database performance, and ensuring data security. Please provide us with your portfolio and estimated timeline for the project. We are looking to hire for a one-time project, but there may be additional object-oriented database-related work available in the future.','2023-03-16 12:36:32','2023-11-14 19:33:19',12000000,NULL,NULL,NULL,NULL),(144,46,'Develop an object-oriented programming solution for a healthcare application','We are seeking an object-oriented programmer to develop an object-oriented programming solution for a healthcare application. The ideal candidate should have experience in object-oriented programming, be familiar with various programming languages, and have a good understanding of OOP concepts. Responsibilities include designing and implementing an OOP solution that can handle complex medical data, optimizing program performance, and ensuring data security and compliance with HIPAA regulations. Please provide us with your portfolio and estimated timeline for the project. We are looking to hire for a one-time project, but there may be additional OOP-related work available in the future.','2023-04-21 02:37:38','2023-12-20 06:20:06',10000000,NULL,NULL,NULL,NULL),(145,47,'Design and develop an object-oriented database for a logistics company','We are seeking an object-oriented database developer to design and develop an object-oriented database for a logistics company. The ideal candidate should have experience in object-oriented database development, be familiar with various object-oriented database systems, and have a good understanding of database architecture. Responsibilities include designing and implementing a database solution that can handle complex logistics data, optimizing database performance, and ensuring data security. Please provide us with your portfolio and estimated timeline for the project. We are looking to hire for a one-time project, but there may be additional object-oriented database-related work available in the future.','2023-03-15 21:40:19','2024-01-01 14:33:22',14000000,NULL,NULL,NULL,NULL),(146,48,'Develop an object-oriented programming solution for a social media platform','We are seeking an object-oriented programmer to develop an object-oriented programming solution for a social media platform. The ideal candidate should have experience in object-oriented programming, be familiar with various programming languages, and have a good understanding of OOP concepts. Responsibilities include designing and implementing an OOP solution that can handle large amounts of social media data, optimizing program performance, and ensuring data security. Please provide us with your portfolio and estimated timeline for the project. We are looking to hire for a one-time project, but there may be additional OOP-related work available in the future.','2023-03-02 02:09:08','2023-10-11 22:23:37',10000000,NULL,NULL,NULL,NULL),(147,49,'Develop and maintain an object-oriented database for an e-commerce website','We are seeking an object-oriented database developer to develop and maintain an object-oriented database for an e-commerce website. The ideal candidate should have experience in object-oriented database development and maintenance, be familiar with various object-oriented database systems, and have a good understanding of database architecture. Responsibilities include designing and implementing a database solution that can handle complex e-commerce data, optimizing database performance, and ensuring data security. Additionally, the candidate will be responsible for maintaining the database and ensuring data integrity. Please provide us with your portfolio and estimated timeline for the project. We are looking to hire for a full-time position.','2023-03-19 11:01:23','2023-11-16 01:48:46',16000000,NULL,NULL,NULL,NULL),(148,50,'Social Media Manager for a Tech Startup','We are seeking a Social Media Manager to manage our social media presence for our tech startup. The ideal candidate will have experience in social media management, be familiar with various social media platforms, and have a good understanding of social media marketing. Responsibilities include developing and implementing a social media strategy, creating social media content, managing social media campaigns, and analyzing social media metrics. Please provide us with your portfolio and estimated timeline for the project. We are looking to hire for a full-time position.','2023-04-10 14:04:55','2023-12-17 13:18:45',8000000,NULL,NULL,NULL,NULL),(149,71,'Social Media Marketing Specialist for a Fashion Brand','We are seeking a Social Media Marketing Specialist to manage our social media marketing for our fashion brand. The ideal candidate will have experience in social media marketing, be familiar with various social media platforms, and have a good understanding of fashion trends. Responsibilities include developing and implementing a social media marketing strategy, creating social media marketing campaigns, managing social media influencers, and analyzing social media marketing metrics. Please provide us with your portfolio and estimated timeline for the project. We are looking to hire for a one-time project, but there may be additional social media marketing-related work available in the future.','2023-03-05 18:45:26','2023-11-08 11:44:50',12000000,NULL,NULL,NULL,NULL),(150,72,'Social Media Manager for a Fitness Company','We are seeking a Social Media Manager to manage our social media presence for our fitness company. The ideal candidate will have experience in social media management, be familiar with various social media platforms, and have a good understanding of fitness trends. Responsibilities include developing and implementing a social media strategy, creating social media content, managing social media campaigns, and analyzing social media metrics. Please provide us with your portfolio and estimated timeline for the project. We are looking to hire for a full-time position.','2023-04-07 17:39:18','2023-10-09 10:43:41',9000000,NULL,NULL,NULL,NULL),(151,73,'Social Media Marketing Specialist for a Travel Company','We are seeking a Social Media Marketing Specialist to manage our social media marketing for our travel company. The ideal candidate will have experience in social media marketing, be familiar with various social media platforms, and have a good understanding of travel trends. Responsibilities include developing and implementing a social media marketing strategy, creating social media marketing campaigns, managing social media influencers, and analyzing social media marketing metrics. Please provide us with your portfolio and estimated timeline for the project. We are looking to hire for a one-time project, but there may be additional social media marketing-related work available in the future.','2023-03-05 08:56:36','2023-10-11 14:41:56',14000000,NULL,NULL,NULL,NULL),(152,74,'Social Media Manager for a Non-Profit Organization','We are seeking a Social Media Manager to manage our social media presence for our non-profit organization. The ideal candidate will have experience in social media management, be familiar with various social media platforms, and have a good understanding of non-profit organizations. Responsibilities include developing and implementing a social media strategy, creating social media content, managing social media campaigns, and analyzing social media metrics. Please provide us with your portfolio and estimated timeline for the project. We are looking to hire for a full-time position.','2023-03-04 22:35:48','2024-01-04 15:55:23',7500000,NULL,NULL,NULL,NULL),(153,75,'Business Analyst for a Financial Services Company','We are seeking a Business Analyst to work with our financial services company. The ideal candidate will have experience in business analysis, be familiar with various analysis tools and techniques, and have a good understanding of finance and accounting. Responsibilities include analyzing financial data, identifying trends and patterns, preparing reports, and making recommendations to improve business performance. Please provide us with your portfolio and estimated timeline for the project. We are looking to hire for a full-time position.','2023-05-20 11:33:26','2023-10-06 01:42:03',10000000,NULL,NULL,NULL,NULL),(154,76,'Business Coach for a Start-up Incubator','We are seeking a Business Coach to work with our start-up incubator. The ideal candidate will have experience in business coaching, be familiar with various coaching techniques, and have a good understanding of start-up businesses. Responsibilities include providing guidance and support to start-up entrepreneurs, helping them develop business plans, and offering advice on business strategy and operations. Please provide us with your portfolio and estimated timeline for the project. We are looking to hire for a one-time project, but there may be additional coaching-related work available in the future.','2023-06-02 19:58:42','2024-01-01 23:50:09',12000000,NULL,NULL,NULL,NULL),(155,77,'Business Consultant for a Marketing Firm','We are seeking a Business Consultant to work with our marketing firm. The ideal candidate will have experience in business consulting, be familiar with various consulting tools and techniques, and have a good understanding of marketing and advertising. Responsibilities include analyzing business processes, identifying areas for improvement, preparing reports, and making recommendations to improve business performance. Please provide us with your portfolio and estimated timeline for the project. We are looking to hire for a one-time project, but there may be additional consulting-related work available in the future.','2023-05-01 01:47:15','2023-12-05 04:42:23',15000000,NULL,NULL,NULL,NULL),(156,78,'Business Intelligence Analyst for a Retail Company','We are seeking a Business Intelligence Analyst to work with our retail company. The ideal candidate will have experience in business intelligence, be familiar with various BI tools and techniques, and have a good understanding of retail operations. Responsibilities include analyzing sales data, identifying trends and patterns, preparing reports, and making recommendations to improve business performance. Please provide us with your portfolio and estimated timeline for the project. We are looking to hire for a full-time position.','2023-03-31 06:47:38','2024-01-06 01:04:08',11000000,NULL,NULL,NULL,NULL),(157,79,'Business Plan Writer for a Tech Startup','We are seeking a Business Plan Writer to work with our tech startup. The ideal candidate will have experience in business plan writing, be familiar with various business plan templates and structures, and have a good understanding of tech startups. Responsibilities include writing and editing business plans, conducting market research, and presenting financial projections. Please provide us with your portfolio and estimated timeline for the project. We are looking to hire for a one-time project, but there may be additional business plan-related work available in the future.','2023-05-14 06:16:11','2023-10-04 09:01:45',8000000,NULL,NULL,NULL,NULL),(158,80,'Brand Identity Designer for a Creative Agency','We are seeking a Brand Identity Designer to work with our creative agency. The ideal candidate will have experience in brand identity design, be familiar with various design tools and techniques, and have a good understanding of branding and marketing. Responsibilities include designing logos, developing brand guidelines, creating visual assets, and delivering design concepts. Please provide us with your portfolio and estimated timeline for the project. We are looking to hire for a full-time position.','2023-05-26 08:17:00','2023-10-23 05:45:49',12000000,NULL,NULL,NULL,NULL),(159,81,'Brand Manager for a Consumer Goods Company','We are seeking a Brand Manager to work with our consumer goods company. The ideal candidate will have experience in brand management, be familiar with various marketing techniques, and have a good understanding of consumer behavior. Responsibilities include developing brand strategies, managing brand campaigns, conducting market research, and analyzing brand performance. Please provide us with your portfolio and estimated timeline for the project. We are looking to hire for a full-time position.','2023-03-18 12:17:28','2023-12-30 01:40:20',15000000,NULL,NULL,NULL,NULL),(160,82,'Brand Identity Designer for a Marketing Agency','We are seeking a Brand Identity Designer to work with our marketing agency. The ideal candidate will have experience in brand identity design, be familiar with various design tools and techniques, and have a good understanding of branding and marketing. Responsibilities include designing logos, developing brand guidelines, creating visual assets, and delivering design concepts. Please provide us with your portfolio and estimated timeline for the project. We are looking to hire for a one-time project, but there may be additional design-related work available in the future.','2023-04-05 13:48:05','2023-10-16 02:36:50',10000000,NULL,NULL,NULL,NULL),(161,83,'Brand Manager for a Hospitality Company','We are seeking a Brand Manager to work with our hospitality company. The ideal candidate will have experience in brand management, be familiar with various marketing techniques, and have a good understanding of the hospitality industry. Responsibilities include developing brand strategies, managing brand campaigns, conducting market research, and analyzing brand performance. Please provide us with your portfolio and estimated timeline for the project. We are looking to hire for a full-time position.','2023-03-30 18:51:38','2023-10-26 04:36:39',14000000,NULL,NULL,NULL,NULL),(162,84,'Brand Identity Designer for a Technology Company','We are seeking a Brand Identity Designer to work with our technology company. The ideal candidate will have experience in brand identity design, be familiar with various design tools and techniques, and have a good understanding of technology and innovation. Responsibilities include designing logos, developing brand guidelines, creating visual assets, and delivering design concepts. Please provide us with your portfolio and estimated timeline for the project. We are looking to hire for a one-time project, but there may be additional design-related work available in the future.','2023-06-01 10:42:01','2023-11-04 15:31:17',11000000,NULL,NULL,NULL,NULL),(163,85,'Unity 3D Developer for a Mobile Game Studio','We are seeking a Unity 3D Developer to work with our mobile game studio. The ideal candidate will have experience in Unity 3D development, be familiar with various game engines and frameworks, and have a good understanding of game design principles. Responsibilities include developing game mechanics, creating game assets, optimizing game performance, and collaborating with other developers and designers. Please provide us with your portfolio and estimated timeline for the project. We are looking to hire for a full-time position.','2023-04-15 05:01:00','2023-12-30 08:32:57',14000000,NULL,NULL,NULL,NULL),(164,86,'Unity Developer for an Augmented Reality Startup','We are seeking a Unity Developer to work with our augmented reality startup. The ideal candidate will have experience in Unity development, be familiar with various AR frameworks and tools, and have a good understanding of AR design principles. Responsibilities include developing AR experiences, creating AR assets, optimizing AR performance, and collaborating with other developers and designers. Please provide us with your portfolio and estimated timeline for the project. We are looking to hire for a full-time position.','2023-05-18 21:04:20','2023-10-27 15:35:31',16000000,NULL,NULL,NULL,NULL),(165,87,'Unity 3D Developer for a Virtual Reality Studio','We are seeking a Unity 3D Developer to work with our virtual reality studio. The ideal candidate will have experience in Unity 3D development, be familiar with various VR frameworks and tools, and have a good understanding of VR design principles. Responsibilities include developing VR experiences, creating VR assets, optimizing VR performance, and collaborating with other developers and designers. Please provide us with your portfolio and estimated timeline for the project. We are looking to hire for a full-time position.','2023-03-19 19:51:04','2023-10-28 06:24:44',15000000,NULL,NULL,NULL,NULL),(166,88,'Unity Developer for a Serious Games Company','We are seeking a Unity Developer to work with our serious games company. The ideal candidate will have experience in Unity development, be familiar with various game engines and frameworks, and have a good understanding of game design principles. Responsibilities include developing educational games, creating game assets, optimizing game performance, and collaborating with other developers and designers. Please provide us with your portfolio and estimated timeline for the project. We are looking to hire for a full-time position.','2023-05-12 19:44:19','2023-12-19 00:26:35',13000000,NULL,NULL,NULL,NULL),(167,89,'Unity 3D Developer for an E-Learning Company','We are seeking a Unity 3D Developer to work with our e-learning company. The ideal candidate will have experience in Unity 3D development, be familiar with various game engines and frameworks, and have a good understanding of e-learning design principles. Responsibilities include developing interactive e-learning experiences, creating game assets, optimizing game performance, and collaborating with other developers and designers. Please provide us with your portfolio and estimated timeline for the project. We are looking to hire for a full-time position.','2023-03-04 19:17:33','2023-10-12 04:40:06',12000000,NULL,NULL,NULL,NULL),(168,90,'Wedding Planner for a Luxury Wedding Planning Company','We are seeking a Wedding Planner to work with our luxury wedding planning company. The ideal candidate will have experience in wedding planning, be familiar with various wedding trends and styles, and have a good understanding of event management. Responsibilities include coordinating with vendors, creating wedding timelines, managing budgets, and collaborating with clients to bring their vision to life. Please provide us with your portfolio and estimated timeline for the project. We are looking to hire for a full-time position.','2023-05-08 17:07:17','2023-10-25 03:08:32',20000000,NULL,NULL,NULL,NULL),(169,91,'Wedding Coordinator for a Country Club','We are seeking a Wedding Coordinator to work with our country club. The ideal candidate will have experience in wedding planning, be familiar with various wedding trends and styles, and have a good understanding of event management. Responsibilities include coordinating with vendors, creating wedding timelines, managing budgets, and collaborating with clients to bring their vision to life. Please provide us with your portfolio and estimated timeline for the project. We are looking to hire for a full-time position.','2023-04-14 17:45:07','2023-10-15 06:39:12',18000000,NULL,NULL,NULL,NULL),(170,92,'Wedding Planner for a Destination Wedding Company','We are seeking a Wedding Planner to work with our destination wedding company. The ideal candidate will have experience in wedding planning, be familiar with various wedding trends and styles, and have a good understanding of event management. Responsibilities include coordinating with vendors, creating wedding timelines, managing budgets, and collaborating with clients to bring their vision to life. Please provide us with your portfolio and estimated timeline for the project. We are looking to hire for a full-time position.','2023-05-03 19:52:42','2023-11-09 06:01:23',22000000,NULL,NULL,NULL,NULL),(171,93,'Wedding Coordinator for a Hotel','We are seeking a Wedding Coordinator to work with our hotel. The ideal candidate will have experience in wedding planning, be familiar with various wedding trends and styles, and have a good understanding of event management. Responsibilities include coordinating with vendors, creating wedding timelines, managing budgets, and collaborating with clients to bring their vision to life. Please provide us with your portfolio and estimated timeline for the project. We are looking to hire for a full-time position.','2023-05-10 13:30:57','2023-12-16 16:40:04',17000000,NULL,NULL,NULL,NULL),(172,94,'Wedding Planner for a Boutique Wedding Planning Company','We are seeking a Wedding Planner to work with our boutique wedding planning company. The ideal candidate will have experience in wedding planning, be familiar with various wedding trends and styles, and have a good understanding of event management. Responsibilities include coordinating with vendors, creating wedding timelines, managing budgets, and collaborating with clients to bring their vision to life. Please provide us with your portfolio and estimated timeline for the project. We are looking to hire for a full-time position.','2023-05-01 16:41:27','2023-10-24 01:52:29',15000000,NULL,NULL,NULL,NULL);
/*!40000 ALTER TABLE `jobs` ENABLE KEYS */;
UNLOCK TABLES;

--
-- Table structure for table `main_tags`
--

DROP TABLE IF EXISTS `main_tags`;
/*!40101 SET @saved_cs_client     = @@character_set_client */;
/*!50503 SET character_set_client = utf8mb4 */;
CREATE TABLE `main_tags` (
  `tag_id` int NOT NULL,
  `tag_name` varchar(100) COLLATE utf8_unicode_ci NOT NULL,
  PRIMARY KEY (`tag_id`),
  UNIQUE KEY `tag_name_UNIQUE` (`tag_name`)
) ENGINE=InnoDB DEFAULT CHARSET=utf8mb3 COLLATE=utf8_unicode_ci;
/*!40101 SET character_set_client = @saved_cs_client */;

--
-- Dumping data for table `main_tags`
--

LOCK TABLES `main_tags` WRITE;
/*!40000 ALTER TABLE `main_tags` DISABLE KEYS */;
/*!40000 ALTER TABLE `main_tags` ENABLE KEYS */;
UNLOCK TABLES;

--
-- Table structure for table `main_tags_subtags`
--

DROP TABLE IF EXISTS `main_tags_subtags`;
/*!40101 SET @saved_cs_client     = @@character_set_client */;
/*!50503 SET character_set_client = utf8mb4 */;
CREATE TABLE `main_tags_subtags` (
  `main_tag_id` int NOT NULL,
  `subtag_id` int NOT NULL,
  PRIMARY KEY (`main_tag_id`,`subtag_id`),
  KEY `subtag_id_INDEX` (`subtag_id`),
  CONSTRAINT `fk_main_tags_subtags_main_tags1` FOREIGN KEY (`main_tag_id`) REFERENCES `main_tags` (`tag_id`) ON DELETE CASCADE ON UPDATE CASCADE,
  CONSTRAINT `fk_main_tags_subtags_tags1` FOREIGN KEY (`subtag_id`) REFERENCES `tags` (`tag_id`) ON DELETE CASCADE ON UPDATE CASCADE
) ENGINE=InnoDB DEFAULT CHARSET=utf8mb3 COLLATE=utf8_unicode_ci;
/*!40101 SET character_set_client = @saved_cs_client */;

--
-- Dumping data for table `main_tags_subtags`
--

LOCK TABLES `main_tags_subtags` WRITE;
/*!40000 ALTER TABLE `main_tags_subtags` DISABLE KEYS */;
/*!40000 ALTER TABLE `main_tags_subtags` ENABLE KEYS */;
UNLOCK TABLES;

--
-- Table structure for table `tables_records_counts`
--

DROP TABLE IF EXISTS `tables_records_counts`;
/*!40101 SET @saved_cs_client     = @@character_set_client */;
/*!50503 SET character_set_client = utf8mb4 */;
CREATE TABLE `tables_records_counts` (
  `table_name` varchar(100) COLLATE utf8_unicode_ci NOT NULL,
  `records_count` int DEFAULT '0',
  PRIMARY KEY (`table_name`)
) ENGINE=InnoDB DEFAULT CHARSET=utf8mb3 COLLATE=utf8_unicode_ci;
/*!40101 SET character_set_client = @saved_cs_client */;

--
-- Dumping data for table `tables_records_counts`
--

LOCK TABLES `tables_records_counts` WRITE;
/*!40000 ALTER TABLE `tables_records_counts` DISABLE KEYS */;
/*!40000 ALTER TABLE `tables_records_counts` ENABLE KEYS */;
UNLOCK TABLES;

--
-- Table structure for table `tags`
--

DROP TABLE IF EXISTS `tags`;
/*!40101 SET @saved_cs_client     = @@character_set_client */;
/*!50503 SET character_set_client = utf8mb4 */;
CREATE TABLE `tags` (
  `tag_id` int NOT NULL AUTO_INCREMENT,
  `tag_name` varchar(100) COLLATE utf8_unicode_ci NOT NULL,
  `tag_name_ngram` varchar(100) COLLATE utf8_unicode_ci GENERATED ALWAYS AS (`tag_name`) STORED,
  PRIMARY KEY (`tag_id`),
  UNIQUE KEY `tag_name_UNIQUE` (`tag_name`),
  FULLTEXT KEY `tag_name_FULLTEXT` (`tag_name`) /*!50100 WITH PARSER `ngram` */ ,
  FULLTEXT KEY `tag_name_ngram_FULLTEXT` (`tag_name_ngram`)
) ENGINE=InnoDB AUTO_INCREMENT=878 DEFAULT CHARSET=utf8mb3 COLLATE=utf8_unicode_ci;
/*!40101 SET character_set_client = @saved_cs_client */;

--
-- Dumping data for table `tags`
--

LOCK TABLES `tags` WRITE;
/*!40000 ALTER TABLE `tags` DISABLE KEYS */;
INSERT INTO `tags` (`tag_id`, `tag_name`) VALUES (1,'3D Design'),(2,'3D Modeling'),(3,'3D Printing'),(4,'3D Rendering'),(5,'API Development'),(6,'ASP.NET'),(7,'Ableton Live'),(8,'Academic Writing'),(9,'Accounting'),(10,'Administrative Support'),(11,'Adobe After Effects'),(12,'Adobe Illustrator'),(13,'Adobe InDesign'),(14,'Adobe Photoshop'),(15,'Adobe Premiere Pro'),(16,'Advertising'),(17,'Affiliate Marketing'),(18,'Agile Development'),(19,'Agile Methodology'),(20,'Android Development'),(21,'Angular'),(22,'AngularJS Development'),(23,'Animation'),(24,'Algorithms'),(25,'Arbitration'),(26,'Architectural Design'),(27,'Article Writing'),(28,'Artificial Intelligence'),(29,'Aspect-oriented Programming (AOP)'),(30,'Assembly'),(31,'Audacity'),(32,'Audio Book Narration'),(33,'Audio Book Production'),(34,'Audio Editing'),(35,'Augmented Reality (AR)'),(36,'Augmented Reality'),(37,'Back-end Development'),(38,'Backbone.js Development'),(39,'Bankruptcy Law'),(40,'Bash'),(41,'Behavior-driven Development (BDD)'),(42,'Big Data Databases'),(43,'BigCommerce Development'),(44,'Blender'),(45,'Blockchain Development'),(46,'Blog Writing'),(47,'Book Design'),(48,'Book Writing'),(49,'Bookkeeping'),(50,'Brand Identity Design'),(51,'Brand Management'),(52,'Brochure Design'),(53,'Business Analysis'),(54,'Business Coaching'),(55,'Business Consulting'),(56,'Business Intelligence (BI)'),(57,'Business Plan Writing'),(58,'Business Planning'),(59,'C#'),(60,'C'),(61,'C++'),(62,'CSS'),(63,'CakePHP Development'),(64,'CakePHP'),(65,'Canva'),(66,'Career Coaching'),(67,'Cartooning'),(68,'Catalog Design'),(69,'Change Management'),(70,'Character Design'),(71,'Chat Support'),(72,'Chatbot Development'),(73,'Clojure'),(74,'Closed Captioning'),(75,'Cloud Computing'),(76,'Cloud Databases'),(77,'Cloud Infrastructure'),(78,'Cloud Migration'),(79,'Cloud Security'),(80,'Cloud Storage'),(81,'Cloud Strategy'),(82,'CodeIgniter Development'),(83,'CoffeeScript'),(84,'Column-family Stores'),(85,'Community Management'),(86,'Computer Vision'),(87,'Concurrent Programming'),(88,'Consulting'),(89,'Containerization'),(90,'Content Marketing'),(91,'Content Writing'),(92,'Continuous Delivery (CD)'),(93,'Continuous Integration (CI)'),(94,'Contract Law'),(95,'Copy Editing'),(96,'Copywriting'),(97,'Cordova Development'),(98,'Corporate Law'),(99,'Cover Letter Writing'),(100,'Creative Writing'),(101,'Criminal Law'),(102,'Crocheting'),(103,'Cryptocurrency'),(104,'Cubase'),(105,'Curriculum Development'),(106,'Customer Service'),(107,'Cybersecurity'),(108,'DaVinci Resolve'),(109,'Dart'),(110,'Data Analysis'),(111,'Data Analytics'),(112,'Data Backup and Recovery'),(113,'Data Engineering'),(114,'Data Entry'),(115,'Data Governance'),(116,'Data Integration'),(117,'Data Lakes'),(118,'Data Marts'),(119,'Data Migration'),(120,'Data Mining'),(121,'Data Modeling'),(122,'Data Privacy'),(123,'Data Replication'),(124,'Data Science'),(125,'Data Security'),(126,'Data Visualization'),(127,'Data Warehouses'),(128,'Data Warehousing'),(129,'Database Administration'),(130,'Database Clustering'),(131,'Database Design'),(132,'Database Development'),(133,'Database Management'),(134,'Database Migration'),(135,'Database Monitoring'),(136,'Database Partitioning'),(137,'Database Performance Tuning'),(138,'Database Query Optimization'),(139,'Database Scaling'),(140,'Data Structures'),(141,'Dynamic Programming'),(142,'Database Sharding'),(143,'Database Testing'),(144,'Desktop Support'),(145,'DevOps'),(146,'Digital Marketing'),(147,'Distributed Databases'),(148,'Django Development'),(149,'Django'),(150,'Document-oriented Databases'),(151,'Drupal Development'),(152,'Dubbing'),(153,'E-book Writing'),(154,'E-commerce Development'),(155,'E-learning'),(156,'Editing'),(157,'Educational Consulting'),(158,'Educational Writing'),(159,'Elixir'),(160,'Email Management'),(161,'Email Marketing'),(162,'Email Support'),(163,'Embedded Systems'),(164,'Ember.js Development'),(165,'Ember.js'),(166,'Embroidery'),(167,'English Tutoring'),(168,'Environmental Law'),(169,'Erlang'),(170,'Ethical Hacking'),(171,'Event Planning'),(172,'Event-driven Programming'),(173,'Executive Coaching'),(174,'Express.js Development'),(175,'Express.js'),(176,'Exterior Design'),(177,'Extreme Programming (XP)'),(178,'F#'),(179,'FL Studio'),(180,'Facebook Marketing'),(181,'Family Law'),(182,'Fashion Design'),(183,'Fiction Writing'),(184,'Figma'),(185,'Final Cut Pro'),(186,'Financial Analysis'),(187,'Financial Forecasting'),(188,'Financial Modeling'),(189,'Financial Planning'),(190,'Firebase Authentication'),(191,'Firebase Cloud Firestore'),(192,'Firebase Cloud Functions'),(193,'Firebase Cloud Messaging'),(194,'Firebase Cloud Storage'),(195,'Firebase Realtime Database'),(196,'Fitness Training'),(197,'Flask Development'),(198,'Flask'),(199,'Flutter Development'),(200,'Flutter UI Design'),(201,'Flutter Web Development'),(202,'Flutter'),(203,'Flyer Design'),(204,'Front-end Development'),(205,'FuelPHP Development'),(206,'Full-stack Development'),(207,'Functional Programming'),(208,'Furniture Design'),(209,'Furniture Refinishing'),(210,'GIS Mapping'),(211,'Game Design'),(212,'Game Development'),(213,'Game Testing'),(214,'Gamification'),(215,'GarageBand'),(216,'Gatsby'),(217,'Ghostwriting'),(218,'Go'),(219,'Grant Administration'),(220,'Grant Application'),(221,'Grant Consulting'),(222,'Grant Management'),(223,'Grant Proposal Writing'),(224,'Grant Reporting'),(225,'Grant Research'),(226,'Grant Support'),(227,'Grant Writing and Management'),(228,'Grant Writing'),(229,'Graph Databases'),(230,'Graphic Design'),(231,'HTML'),(232,'Hair Styling'),(233,'Handmade Crafts'),(234,'Handmade Jewelry'),(235,'Hardware Development'),(236,'Haskell'),(237,'Help Desk Support'),(238,'Home Decor'),(239,'Human Resources'),(240,'IT Support'),(241,'Icon Design'),(242,'Illustration'),(243,'Immigration Law'),(244,'In-memory Databases'),(245,'Industrial Design'),(246,'Influencer Marketing'),(247,'Infographic Design'),(248,'Instagram Marketing'),(249,'Instructional Design'),(250,'Intellectual Property Law'),(251,'Interior Design'),(252,'Internet of Things (IoT)'),(253,'Ionic Development'),(254,'Ionic'),(255,'Java'),(256,'JavaScript'),(257,'Jewelry Design'),(258,'Joomla Development'),(259,'Kanban Development'),(260,'Key-value Stores'),(261,'Knitting'),(262,'Knockout.js Development'),(263,'Kohana Development'),(264,'Kotlin'),(265,'Landscape Design'),(266,'Language Teaching'),(267,'Laravel Development'),(268,'Laravel'),(269,'Lawyers'),(270,'Leadership Coaching'),(271,'Lean Management'),(272,'Legal Consulting'),(273,'Legal Research'),(274,'Legal Writing'),(275,'Lesson Plan Writing'),(276,'Life Coaching'),(277,'LinkedIn Marketing'),(278,'Localization Testing'),(279,'Localization'),(280,'Logic Pro X'),(281,'Logo Design'),(282,'Lua'),(283,'Machine Learning'),(284,'Magazine Design'),(285,'Magento Development'),(286,'Makeup Artistry'),(287,'Market Research'),(288,'Marketing Strategy'),(289,'Mathematics'),(290,'Matlab'),(291,'Mediation'),(292,'Medical Writing'),(293,'Menu Design'),(294,'Meteor Development'),(295,'Meteor'),(296,'Microservices Architecture'),(297,'Mobile Development'),(298,'Motion Graphics'),(299,'Music Composition'),(300,'Music Production'),(301,'Narration'),(302,'Natural Language Generation (NLG)'),(303,'Natural Language Processing (NLP)'),(304,'Natural Language Processing'),(305,'Network Administration'),(306,'Networking'),(307,'NewSQL Databases'),(308,'Next.js'),(309,'NoSQL Databases'),(310,'Node.js Development'),(311,'Non-Fiction Writing'),(312,'Nutrition Coaching'),(313,'OCaml'),(314,'OLAP Databases'),(315,'OLTP Databases'),(316,'Object-oriented Databases'),(317,'Object-oriented Programming (OOP)'),(318,'Objective-C'),(319,'Online Reputation Management'),(320,'Online Tutoring'),(321,'OpenCart Development'),(322,'Operations Management'),(323,'Oracle Database'),(324,'Organizational Development'),(325,'PHP'),(326,'Packaging Design'),(327,'Parallel Programming'),(328,'Pascal'),(329,'Pay-per-click (PPC) Advertising'),(330,'Payroll Management'),(331,'Penetration Testing'),(332,'Performance Testing'),(333,'Perl'),(334,'Personal Development'),(335,'Personal Shopping Assistance'),(336,'Personal Styling'),(337,'Phone Support'),(338,'Photo Editing'),(339,'Photo Retouching'),(340,'Photography'),(341,'Pinterest Marketing'),(342,'Podcast Editing'),(343,'Podcast Production'),(344,'Poster Design'),(345,'PostgreSQL'),(346,'PowerShell'),(347,'Presentation Design'),(348,'PrestaShop Development'),(349,'Print Design'),(350,'Pro Tools'),(351,'Problem Solving'),(352,'Procedural Programming'),(353,'Product Design'),(354,'Product Management'),(355,'Product Photography'),(356,'Project Control'),(357,'Project Coordination'),(358,'Project Execution'),(359,'Project Management Office'),(360,'Project Management'),(361,'Project Monitoring'),(362,'Project Planning'),(363,'Project Scheduling'),(364,'Prolog'),(365,'Proofreading'),(366,'Proposal Writing'),(367,'Public Relations'),(368,'Puppet'),(369,'Python'),(370,'QA Testing'),(371,'Quality Assurance (QA)'),(372,'Quality Assurance'),(373,'Quality Control'),(374,'Quantitative Analysis'),(375,'Quantum Computing'),(376,'QuickBooks'),(377,'R'),(378,'RDF Stores'),(379,'React Native Development'),(380,'React Native'),(381,'React.js'),(382,'Real Estate Law'),(383,'Real-time Databases'),(384,'Recruiting'),(385,'Red Hat Enterprise Linux (RHEL)'),(386,'Regression Testing'),(387,'Relational Databases'),(388,'Report Writing'),(389,'Reputation Management'),(390,'Research Writing'),(391,'Research'),(392,'Resume Writing'),(393,'Resumes'),(394,'Risk Management'),(395,'Robotics'),(396,'Ruby on Rails'),(397,'Ruby'),(398,'RubyMotion Development'),(399,'Rust'),(400,'SEO Optimization'),(401,'SQL'),(402,'Sails.js Development'),(403,'Sales'),(404,'Salesforce'),(405,'Scala'),(406,'Scheme'),(407,'Scientific Research'),(408,'Screenwriting'),(409,'Script Writing'),(410,'Scrum Development'),(411,'Scrum'),(412,'Search Engine Advertising (SEA)'),(413,'Search Engine Marketing (SEM)'),(414,'Search Engine Optimization (SEO)'),(415,'Search Engine Optimization'),(416,'Securities Law'),(417,'Security Testing'),(418,'Selenium WebDriver'),(419,'Server Administration'),(420,'Sewing'),(421,'Shopify Development'),(422,'Shopify'),(423,'Shopware Development'),(424,'Sketch'),(425,'Social Media Management'),(426,'Social Media Marketing'),(427,'Software Architecture'),(428,'Software Development'),(429,'Software Documentation'),(430,'Software Engineering'),(431,'Software Testing'),(432,'SolidWorks'),(433,'Sound Design'),(434,'Spanish Tutoring'),(435,'Speech Recognition'),(436,'Speech Writing'),(437,'Spiritual Coaching'),(438,'Sports Coaching'),(439,'Spring Framework'),(440,'Spring'),(441,'Startup Consulting'),(442,'Statistical Analysis'),(443,'Statistics'),(444,'Story Writing'),(445,'Storyboarding'),(446,'Strategic Planning'),(447,'Structural Engineering'),(448,'Subtitling'),(449,'Supply Chain Management'),(450,'Swift'),(451,'Symfony Development'),(452,'Symfony'),(453,'System Administration'),(454,'Systems Administration'),(455,'Tax Preparation'),(456,'Technical Support'),(457,'Technical Writing'),(458,'Telemarketing'),(459,'Telephone Handling'),(460,'Test Automation'),(461,'Test-driven Development (TDD)'),(462,'Textile Design'),(463,'Time-series Databases'),(464,'Transcreation'),(465,'Transcription'),(466,'Translation'),(467,'Twitter Marketing'),(468,'TypeScript'),(469,'UI/UX Design'),(470,'Unity 3D'),(471,'Unity Development'),(472,'Unix Shell Scripting'),(473,'Unreal Engine Development'),(474,'User Acceptance Testing (UAT)'),(475,'User Experience (UX) Design'),(476,'User Interface (UI) Design'),(477,'User Interface Design'),(478,'VFX Editing'),(479,'Video Editing'),(480,'Video Production'),(481,'Vintage Restoration'),(482,'Virtual Assistant'),(483,'Virtual Reality (VR)'),(484,'Virtual Reality'),(485,'Virtualization'),(486,'Visual Basic'),(487,'Visual Design'),(488,'Visual Effects (VFX)'),(489,'Voice Acting'),(490,'Voice Assistant Development'),(491,'Voice Over'),(492,'Vue.js Development'),(493,'Vue.js'),(494,'Waterfall Development'),(495,'Web Analytics'),(496,'Web Crawling'),(497,'Web Design'),(498,'Web Development'),(499,'Web Scraping'),(500,'Wedding Planning'),(501,'Whiteboard Animation'),(502,'Windows Administration'),(503,'Wireframing'),(504,'WordPress Development'),(505,'WordPress'),(506,'Writing'),(507,'XML Databases'),(508,'Xamarin Development'),(509,'Xamarin'),(510,'Yii Development'),(511,'Zend Framework Development'),(512,'Zendesk Development'),(513,'Marketing'),(514,'Product Launch'),(515,'Campaign Management'),(516,'AWS'),(517,'Chatbot'),(518,'Website Design'),(519,'Mobile-Friendly'),(520,'Booking System'),(521,'Payment Gateway Integration'),(522,'Video Script Writing'),(523,'Campaign Strategy'),(524,'Responsive Design'),(525,'Travel'),(526,'Scriptwriting'),(527,'Social Media'),(528,'Portfolio'),(529,'Software Integration'),(530,'Content creation'),(531,'Brand Identity'),(532,'Restaurant'),(533,'Modern'),(534,'Professional'),(535,'Tech Blogging'),(536,'E-commerce'),(537,'Website Development'),(538,'Fashion'),(539,'Shopping Cart'),(540,'HTML/CSS/JavaScript/PHP'),(541,'Mobile App Development'),(542,'Fitness Tracker'),(543,'iOS Development'),(544,'Market Analysis'),(545,'Financial Projections'),(546,'Entrepreneurship'),(547,'Start-up Company'),(548,'Mobile Game Development'),(549,'User-friendly Design'),(550,'In-app Purchases'),(551,'Social Media Integration'),(552,'Plugin Development'),(553,'UI Design'),(554,'UX Design'),(555,'Financial Management'),(556,'Mobile Design'),(557,'Desktop Design'),(558,'Literature'),(559,'Grammar'),(560,'Syntax'),(561,'Branding'),(562,'Marketing Materials'),(563,'Adobe Creative Suite'),(564,'Legal Translation'),(565,'Arabic Translation'),(566,'CAT Tools'),(567,'Legal Terminology'),(568,'Professional Translation'),(569,'Fitness'),(570,'Workout'),(571,'Progress Tracking'),(572,'Nutrition'),(573,'Beauty Industry'),(574,'Audience Targeting'),(575,'Analytics'),(576,'Architecture'),(577,'Visualization'),(578,'Predictive Maintenance'),(579,'Industrial Equipment'),(580,'Scikit-learn'),(581,'Healthcare'),(582,'Adobe XD'),(583,'Operational Planning'),(584,'Business Writing'),(585,'Travel Writing'),(586,'SEO Writing'),(587,'Long-Term Work'),(588,'Creative Design'),(589,'Mental Health'),(590,'Self-Care'),(591,'Mobile Programming'),(592,'Startup'),(593,'Long-term'),(594,'Timeline'),(595,'Dart Programming'),(596,'Real Estate'),(597,'Long-term Engagement'),(598,'Application Development'),(599,'Long-term Projects'),(600,'API Integration'),(601,'Long-term Contract'),(602,'PHP Development'),(603,'Web APIs'),(604,'Custom Scripts'),(605,'Database Integration'),(606,'Image Processing'),(607,'Algorithm Development'),(608,'Tool Development'),(609,'Digital Imaging'),(610,'Sentiment Analysis'),(611,'Programming'),(612,'Development'),(613,'Spanish'),(614,'English'),(615,'Japanese'),(616,'German'),(617,'Technical'),(618,'French'),(619,'Mandarin'),(620,'Mobile App Marketing'),(621,'Fitness Industry'),(622,'User Acquisition'),(623,'Engagement Strategies'),(624,'SEO'),(625,'Brand Awareness'),(626,'Sustainability'),(627,'Ethical Fashion'),(628,'Real Estate Industry'),(629,'Lead Generation'),(630,'Website Traffic'),(631,'PPC Advertising'),(632,'Database Optimization'),(633,'Scalability'),(634,'Security'),(635,'SQL Server'),(636,'Database Cluster'),(637,'High Availability'),(638,'Performance Optimization'),(639,'Query Optimization'),(640,'High Performance'),(641,'Firebase'),(642,'Security Best Practices'),(643,'Authentication'),(644,'Social Media Logins'),(645,'Cloud Functions'),(646,'Serverless architecture'),(647,'Automation'),(648,'Performance improvement'),(649,'Cloud Firestore'),(650,'Cloud Messaging'),(651,'Android App Development'),(652,'Push Notification'),(653,'Real-time chat'),(654,'Startup companies'),(655,'Portfolio management'),(656,'Business strategy'),(657,'Real Estate Investing'),(658,'Cash Flow'),(659,'Revenue Projection'),(660,'Expense Projection'),(661,'Finance'),(662,'Retail'),(663,'Investment Advice'),(664,'Tax Planning'),(665,'Retirement Planning'),(666,'Estate Planning'),(667,'Social Media Optimization'),(668,'Graphics'),(669,'Retouching'),(670,'Web Optimization'),(671,'Color Correction'),(672,'Image Manipulation'),(673,'Food Blogging'),(674,'Fashion Marketing'),(675,'Metrics Analysis'),(676,'Wedding Photography'),(677,'Print Optimization'),(678,'Travel Blogging'),(679,'Fitness App Development'),(680,'App Integration'),(681,'Real-time Inventory Management'),(682,'Product Listings'),(683,'User Authentication'),(684,'Messaging'),(685,'Push Notifications'),(686,'Database'),(687,'Dashboard'),(688,'Real-time Analytics'),(689,'Long-term Project'),(690,'Data Storage'),(691,'Financial Services'),(692,'Account Management'),(693,'Payment Processing'),(694,'Retail Management'),(695,'User Manuals'),(696,'System Flow Diagrams'),(697,'Cloud-Based Applications'),(698,'Design Patterns'),(699,'Maintainability'),(700,'Mobile App Testing'),(701,'Functional Testing'),(702,'Usability Testing'),(703,'Startups'),(704,'User Experience Design'),(705,'Logistics'),(706,'Inventory Management'),(707,'Shipment Tracking'),(708,'Real-time updates'),(709,'News Website'),(710,'Custom Theme'),(711,'Bioinformatics'),(712,'Algorithm'),(713,'DNA Sequences'),(714,'High-Frequency Trading'),(715,'Algorithm Optimization'),(716,'C++ Programming'),(717,'Graph Algorithms'),(718,'Efficient Programming'),(719,'Hash Table'),(720,'Web Application Design'),(721,'Mobile App Design'),(722,'Landing Page Design'),(723,'Conversion Rate Optimization'),(724,'Prototyping'),(725,'User Testing'),(726,'Rendering'),(727,'Visual Appeal'),(728,'Freelance'),(729,'Real Estate Development'),(730,'CAD'),(731,'Subscriber Management'),(732,'Performance Analysis'),(733,'Online Education'),(734,'Customer Support'),(735,'Customer Service Specialist'),(736,'Email Design'),(737,'Testing'),(738,'Non-Profit'),(739,'Database Architecture'),(740,'Reliability'),(741,'Social Networks'),(742,'Performance'),(743,'Distributed Database'),(744,'CMS'),(745,'Education'),(746,'Program Analysis'),(747,'Program Improvement'),(748,'Online Learning'),(749,'Assessment Development'),(750,'Researching'),(751,'Public School District'),(752,'Program Development'),(753,'Education-Related Issues'),(754,'Assessment'),(755,'Publication'),(756,'Corporate Training'),(757,'Assessments'),(758,'Online Delivery'),(759,'Infrastructure'),(760,'SaaS'),(761,'Scaling'),(762,'Strategy'),(763,'Enterprise'),(764,'Implementation'),(765,'Small Business Consulting'),(766,'Strategy Consulting'),(767,'Ionic Framework'),(768,'Portfolio Required'),(769,'Quality Testing'),(770,'Customization'),(771,'Hybrid App'),(772,'Progressive Web App'),(773,'Web App Development'),(774,'Promotional Video Production'),(775,'Product Demonstration'),(776,'Tech Startup'),(777,'Wedding Video Production'),(778,'Post Production'),(779,'Video Effects'),(780,'Transitions'),(781,'Video Optimization'),(782,'Explainer Video'),(783,'Filmmaking'),(784,'Music Video Production'),(785,'Video Transitions'),(786,'Network Security'),(787,'Network Design'),(788,'Network Performance Monitoring'),(789,'Router Configuration'),(790,'Switch Configuration'),(791,'Configuration'),(792,'Troubleshooting'),(793,'Routers'),(794,'Switches'),(795,'Firewalls'),(796,'Software Installation'),(797,'Network Monitoring'),(798,'Network Troubleshooting'),(799,'Risk Assessment'),(800,'Security Controls'),(801,'Network Protocols'),(802,'Information Security'),(803,'IT Security'),(804,'Network Optimization'),(805,'Network Topologies'),(806,'Bottleneck Identification'),(807,'Research Methodologies'),(808,'Campaign Development'),(809,'Market Segmentation'),(810,'Marketing Channels'),(811,'Competitor Analysis'),(812,'Marketing Analytics'),(813,'Research Methodology'),(814,'Presentation Skills'),(815,'Video Game Design'),(816,'Audio Production'),(817,'Film Scoring'),(818,'Commercial Production'),(819,'Collaboration'),(820,'Video Game'),(821,'Deadline'),(822,'NoSQL'),(823,'RESTful API'),(824,'Healthcare Industry'),(825,'HIPAA Compliance'),(826,'API Security'),(827,'API Performance'),(828,'Logistics Management'),(829,'Data Integrity'),(830,'Object-Oriented Programming'),(831,'Healthcare Application'),(832,'HIPAA Regulations'),(833,'Data Optimization'),(834,'Programming Languages'),(835,'Campaigns'),(836,'Influencer Management'),(837,'Metric Analysis'),(838,'Social Media Strategy'),(839,'Travel Industry'),(840,'Social Media Campaigns'),(841,'Financial Reporting'),(842,'Process Improvement'),(843,'Report Preparation'),(844,'Business Intelligence'),(845,'Reporting'),(846,'Recommendations'),(847,'Full-time'),(848,'Tech Startups'),(849,'Brand Guidelines'),(850,'Visual Assets'),(851,'Creative Agency'),(852,'Consumer Behavior'),(853,'Design Guidelines'),(854,'Hospitality Industry'),(855,'Design'),(856,'Technology'),(857,'Innovation'),(858,'Unity'),(859,'Mobile Games'),(860,'Game Mechanics'),(861,'AR Frameworks'),(862,'AR Design'),(863,'AR Development'),(864,'3D'),(865,'VR Design'),(866,'VR Frameworks'),(867,'Optimization'),(868,'Educational Games'),(869,'Interactive Design'),(870,'Event Management'),(871,'Vendor Coordination'),(872,'Budget Management'),(873,'Client Collaboration'),(874,'Luxury Events'),(875,'Destination Weddings'),(876,'Vendor Management'),(877,'Client Services');
/*!40000 ALTER TABLE `tags` ENABLE KEYS */;
UNLOCK TABLES;

--
-- Table structure for table `tags_suggested_by_users`
--

DROP TABLE IF EXISTS `tags_suggested_by_users`;
/*!40101 SET @saved_cs_client     = @@character_set_client */;
/*!50503 SET character_set_client = utf8mb4 */;
CREATE TABLE `tags_suggested_by_users` (
  `user_id` int NOT NULL,
  `tag_name` varchar(100) COLLATE utf8_unicode_ci NOT NULL,
  PRIMARY KEY (`user_id`,`tag_name`),
  CONSTRAINT `fk_tags_suggested_by_users_users1` FOREIGN KEY (`user_id`) REFERENCES `users` (`user_id`)
) ENGINE=InnoDB DEFAULT CHARSET=utf8mb3 COLLATE=utf8_unicode_ci;
/*!40101 SET character_set_client = @saved_cs_client */;

--
-- Dumping data for table `tags_suggested_by_users`
--

LOCK TABLES `tags_suggested_by_users` WRITE;
/*!40000 ALTER TABLE `tags_suggested_by_users` DISABLE KEYS */;
/*!40000 ALTER TABLE `tags_suggested_by_users` ENABLE KEYS */;
UNLOCK TABLES;

--
-- Table structure for table `user_favorite_jobs`
--

DROP TABLE IF EXISTS `user_favorite_jobs`;
/*!40101 SET @saved_cs_client     = @@character_set_client */;
/*!50503 SET character_set_client = utf8mb4 */;
CREATE TABLE `user_favorite_jobs` (
  `user_id` int NOT NULL,
  `job_id` int NOT NULL,
  PRIMARY KEY (`user_id`,`job_id`),
  KEY `job_id_INDEX` (`job_id`),
  CONSTRAINT `fk_user_favorite_jobs_jobs1` FOREIGN KEY (`job_id`) REFERENCES `jobs` (`job_id`) ON DELETE CASCADE ON UPDATE CASCADE,
  CONSTRAINT `fk_user_favorite_jobs_users1` FOREIGN KEY (`user_id`) REFERENCES `users` (`user_id`) ON DELETE CASCADE ON UPDATE CASCADE
) ENGINE=InnoDB DEFAULT CHARSET=utf8mb3 COLLATE=utf8_unicode_ci;
/*!40101 SET character_set_client = @saved_cs_client */;

--
-- Dumping data for table `user_favorite_jobs`
--

LOCK TABLES `user_favorite_jobs` WRITE;
/*!40000 ALTER TABLE `user_favorite_jobs` DISABLE KEYS */;
INSERT INTO `user_favorite_jobs` VALUES (29,1),(62,1),(33,2),(68,2),(82,2),(2,3),(12,3),(24,3),(9,4),(53,4),(29,5),(94,5),(8,6),(38,6),(71,6),(74,6),(79,6),(92,6),(100,6),(4,7),(9,7),(14,7),(47,7),(77,7),(18,8),(30,8),(37,8),(40,8),(43,8),(65,8),(14,9),(15,9),(29,9),(44,9),(54,9),(75,9),(83,9),(88,9),(8,10),(16,10),(64,10),(76,10),(2,12),(42,13),(46,13),(29,14),(69,15),(80,15),(83,15),(93,15),(5,16),(69,16),(100,16),(36,17),(48,17),(59,17),(63,17),(57,18),(76,18),(86,18),(98,19),(56,20),(21,21),(75,21),(37,22),(39,22),(45,22),(49,22),(61,22),(63,22),(72,22),(100,22),(10,23),(51,23),(91,23),(98,23),(12,24),(16,24),(26,24),(48,24),(58,24),(67,24),(82,24),(85,24),(87,24),(15,25),(55,25),(83,25),(10,26),(20,26),(28,26),(35,26),(64,26),(96,26),(17,27),(20,27),(32,27),(13,28),(66,28),(86,28),(45,29),(9,30),(74,30),(16,31),(23,31),(64,31),(85,31),(31,32),(59,32),(96,32),(31,33),(6,34),(17,34),(20,34),(49,35),(67,35),(89,35),(33,36),(77,36),(93,36),(3,37),(65,37),(66,37),(26,38),(43,38),(84,38),(97,38),(46,39),(83,39),(91,39),(71,40),(25,41),(39,41),(53,41),(89,41),(79,42),(42,43),(68,43),(73,43),(74,44),(16,45),(19,45),(97,45),(6,46),(34,46),(76,46),(21,47),(91,47),(43,48),(95,48),(35,49),(65,49),(85,49),(100,49),(11,50),(40,50),(50,50),(68,50),(72,50),(78,50),(79,50),(90,50),(46,51),(50,51),(56,51),(57,51),(60,51),(73,51),(32,52),(79,52),(27,53),(52,53),(89,53),(92,53),(21,54),(25,54),(36,54),(87,54),(90,54),(99,54),(26,55),(34,56),(41,56),(45,56),(56,56),(8,57),(84,57),(86,57),(1,58),(20,58),(34,58),(46,58),(59,58),(76,58),(92,58),(1,59),(81,59),(26,60),(58,60),(97,60),(38,61),(44,61),(55,61),(62,61),(8,62),(27,62),(42,62),(55,62),(13,63),(14,63),(15,63),(33,63),(40,63),(43,63),(60,63),(61,63),(89,63),(17,64),(24,64),(12,65),(22,65),(24,65),(61,65),(63,65),(77,65),(85,65),(30,66),(43,66),(57,66),(61,67),(72,67),(95,67),(97,67),(11,68),(15,68),(27,68),(49,68),(57,68),(72,68),(95,68),(16,69),(42,69),(51,69),(66,69),(70,69),(10,70),(96,71),(35,72),(53,72),(75,72),(95,72),(4,73),(18,73),(48,73),(93,73),(3,75),(80,75),(86,75),(100,75),(9,76),(19,76),(46,76),(52,76),(55,76),(67,76),(80,76),(16,77),(61,77),(26,78),(38,78),(81,78),(82,78),(17,79),(18,79),(23,79),(50,79),(71,79),(52,80),(21,81),(28,81),(45,81),(66,81),(36,82),(39,82),(78,83),(88,83),(90,83),(11,84),(69,84),(3,85),(36,85),(78,85),(88,85),(44,86),(55,86),(80,86),(12,87),(39,87),(41,87),(64,87),(69,87),(98,87),(56,88),(13,89),(22,89),(81,89),(4,90),(5,90),(12,90),(19,90),(68,90),(93,90),(93,91),(23,92),(28,92),(37,92),(62,92),(1,93),(24,93),(40,93),(51,93),(79,93),(3,94),(30,94),(31,94),(47,94),(48,94),(90,94),(2,95),(25,95),(58,95),(62,95),(81,95),(27,96),(40,96),(12,97),(17,97),(36,97),(41,97),(46,97),(69,97),(5,98),(45,98),(6,99),(32,99),(40,99),(59,99),(63,99),(4,100),(5,100),(64,100),(82,100),(10,101),(23,101),(25,101),(93,101),(31,102),(62,102),(77,102),(1,103),(13,103),(75,103),(36,104),(48,104),(71,104),(79,104),(86,104),(21,105),(61,105),(84,105),(90,105),(13,106),(28,106),(33,106),(47,106),(51,106),(87,106),(99,106),(57,107),(91,107),(7,108),(50,108),(82,108),(100,108),(4,109),(65,109),(18,110),(19,110),(33,110),(37,110),(54,110),(80,110),(32,111),(37,111),(38,111),(41,111),(8,112),(58,112),(82,112),(99,112),(42,113),(60,113),(74,113),(99,113),(32,114),(47,114),(49,114),(70,114),(85,114),(91,114),(18,115),(38,115),(41,115),(78,115),(88,115),(5,116),(14,116),(2,117),(42,117),(49,117),(1,118),(78,118),(87,118),(94,118),(14,119),(34,119),(44,119),(85,119),(96,119),(7,120),(56,120),(58,120),(70,120),(92,120),(24,121),(35,121),(86,121),(25,122),(64,122),(6,123),(7,123),(10,123),(75,123),(2,124),(70,124),(73,124),(74,124),(84,124),(19,125),(68,125),(92,125),(70,126),(74,126),(87,126),(99,126),(20,127),(23,127),(38,127),(63,127),(65,127),(96,127),(9,128),(24,128),(25,128),(73,128),(7,129),(20,129),(50,129),(60,129),(90,129),(54,130),(60,130),(98,131),(28,132),(71,132),(4,133),(23,133),(55,133),(65,133),(81,133),(3,134),(7,134),(30,134),(67,134),(21,135),(51,135),(52,135),(89,136),(35,137),(54,137),(72,137),(27,138),(26,139),(76,139),(15,140),(22,140),(29,140),(33,140),(58,140),(68,140),(77,140),(30,141),(31,141),(95,141),(11,142),(50,142),(54,142),(59,142),(14,143),(28,143),(30,143),(52,144),(9,145),(22,145),(51,145),(67,145),(6,146),(22,146),(29,146),(95,147),(47,148),(66,148),(73,148),(87,148),(94,148),(34,149),(97,149),(73,150),(81,150),(92,150),(99,150),(6,151),(44,151),(47,151),(19,152),(45,152),(57,152),(39,153),(69,153),(77,153),(53,154),(72,154),(98,154),(10,155),(78,155),(89,155),(11,156),(43,156),(48,156),(88,156),(34,157),(66,157),(97,157),(15,159),(63,160),(83,160),(18,161),(56,161),(71,161),(52,162),(60,162),(83,162),(84,162),(88,162),(91,162),(96,162),(98,162),(94,163),(2,164),(7,164),(8,164),(49,164),(5,165),(13,165),(32,165),(35,165),(44,165),(70,165),(75,165),(84,165),(94,165),(39,166),(54,166),(59,166),(17,167),(53,167),(62,167),(3,168),(11,168),(27,168),(41,168),(37,169),(53,169),(94,169),(1,170),(22,170),(31,170),(67,170),(76,170),(80,170);
/*!40000 ALTER TABLE `user_favorite_jobs` ENABLE KEYS */;
UNLOCK TABLES;

--
-- Table structure for table `users`
--

DROP TABLE IF EXISTS `users`;
/*!40101 SET @saved_cs_client     = @@character_set_client */;
/*!50503 SET character_set_client = utf8mb4 */;
CREATE TABLE `users` (
  `user_id` int NOT NULL AUTO_INCREMENT,
  `user_first_name` varchar(45) COLLATE utf8_unicode_ci NOT NULL,
  `user_last_name` varchar(45) COLLATE utf8_unicode_ci NOT NULL,
  `user_email` varchar(120) COLLATE utf8_unicode_ci NOT NULL,
  `user_email_visibility` tinyint NOT NULL DEFAULT '1',
  `user_phone_number` varchar(20) COLLATE utf8_unicode_ci NOT NULL,
  `user_phone_number_visibility` tinyint NOT NULL DEFAULT '1',
  `user_password` varchar(50) CHARACTER SET utf8mb4 COLLATE utf8mb4_bin NOT NULL,
  `user_date_of_birth` date NOT NULL,
  `user_gender` varchar(1) COLLATE utf8_unicode_ci NOT NULL,
  `user_account_creation_date` date NOT NULL,
  `user_city` varchar(30) COLLATE utf8_unicode_ci NOT NULL,
  `user_specific_address` varchar(200) COLLATE utf8_unicode_ci DEFAULT NULL,
  `user_profile_picture_path` varchar(200) COLLATE utf8_unicode_ci DEFAULT NULL,
  PRIMARY KEY (`user_id`),
  UNIQUE KEY `user_email_UNIQUE` (`user_email`),
  UNIQUE KEY `user_phone_number_UNIQUE` (`user_phone_number`),
  FULLTEXT KEY `user_full_name_FULLTEXT` (`user_first_name`,`user_last_name`)
) ENGINE=InnoDB AUTO_INCREMENT=101 DEFAULT CHARSET=utf8mb3 COLLATE=utf8_unicode_ci;
/*!40101 SET character_set_client = @saved_cs_client */;

--
-- Dumping data for table `users`
--

LOCK TABLES `users` WRITE;
/*!40000 ALTER TABLE `users` DISABLE KEYS */;
INSERT INTO `users` VALUES (1,'Ahmad','Ali','ahmadali@gmail.com',1,'+963 930 423 876',1,'Password1','1995-02-15','M','2022-12-07','Damascus','Al-Midan','h:/root/home/tareqmahmood-001/www/prohub/Freelancing Project Assets/Profile Pictures/1.jpg'),(2,'Tarek','Omar','tarekomar@gmail.com',1,'+963 930 345 222',1,'Password2','1997-08-20','M','2022-12-05','Aleppo','Al-Sabil','h:/root/home/tareqmahmood-001/www/prohub/Freelancing Project Assets/Profile Pictures/2.jpg'),(3,'Samir','Hassan','samirhassan@gmail.com',1,'+963 930 567 986',1,'Password3','1999-06-25','M','2022-12-13','Hama','Al-Suqaylabiyah','h:/root/home/tareqmahmood-001/www/prohub/Freelancing Project Assets/Profile Pictures/3.jpg'),(4,'Ammar','Hussein','ammarhussein@gmail.com',1,'+963 930 789 234',1,'Password4','2000-01-08','M','2023-02-03','Homs','Al-Arman','h:/root/home/tareqmahmood-001/www/prohub/Freelancing Project Assets/Profile Pictures/4.jpg'),(5,'Khalid','Khalifa','khalidkhalifa@gmail.com',1,'+963 930 901 432',1,'Password5','1991-07-22','M','2022-11-27','Damascus','Bab Sharqi','h:/root/home/tareqmahmood-001/www/prohub/Freelancing Project Assets/Profile Pictures/5.jpg'),(6,'Omar','Hassan','omarhassan2@gmail.com',1,'+963 930 123 756',1,'Password6','1993-06-17','M','2022-12-05','Homs','Al-Jalaa','h:/root/home/tareqmahmood-001/www/prohub/Freelancing Project Assets/Profile Pictures/6.jpg'),(7,'Ali','Mohammad','alimohammad@gmail.com',1,'+963 930 345 768',1,'Password7','1991-12-25','M','2023-01-13','Lattakia','Al-Haffah','h:/root/home/tareqmahmood-001/www/prohub/Freelancing Project Assets/Profile Pictures/7.jpg'),(8,'Bassam','Ali','bassamali@gmail.com',1,'+963 990 678 901',1,'Password8','1992-08-14','M','2022-12-16','Homs','Al-Qusour','h:/root/home/tareqmahmood-001/www/prohub/Freelancing Project Assets/Profile Pictures/8.jpg'),(9,'Talal','Khalifa','talalkhalifa@gmail.com',1,'+963 930 890 123',1,'Password9','1990-04-08','M','2023-02-02','Damascus','Al-Midan','h:/root/home/tareqmahmood-001/www/prohub/Freelancing Project Assets/Profile Pictures/9.jpg'),(10,'Sami','Haddad','samihaddad@gmail.com',1,'+963 930 012 345',1,'Password10','1996-04-19','M','2023-02-20','Damascus','Al-Jaramana, Block 23, Street 4, Building 8','h:/root/home/tareqmahmood-001/www/prohub/Freelancing Project Assets/Profile Pictures/10.jpg'),(11,'Rami','Khalil','ramikhalil@gmail.com',1,'+963 930 345 678',1,'Password11','1990-08-12','M','2022-12-31','Homs','Al-Qusour, Al-Roda Street, Building 5','h:/root/home/tareqmahmood-001/www/prohub/Freelancing Project Assets/Profile Pictures/11.jpg'),(12,'Bassam','Hassan','bassamhassan@gmail.com',1,'+963 930 567 543',1,'Password12','1991-06-08','M','2022-12-20','Lattakia','Al-Jablah, Al-Souq Street, Building 3','h:/root/home/tareqmahmood-001/www/prohub/Freelancing Project Assets/Profile Pictures/12.jpg'),(13,'Khaled','Hamwi','khaledhamwi@gmail.com',1,'+963 930 789 876',1,'Password13','1997-12-22','M','2022-12-20','Aleppo','Al-Sheikh Najjar, Industrial Area, Building 7','h:/root/home/tareqmahmood-001/www/prohub/Freelancing Project Assets/Profile Pictures/13.jpg'),(14,'Majd','Al-Saleh','majdalsaleh@gmail.com',1,'+963 930 890 999',1,'Password14','1992-05-02','M','2023-01-22','Damascus','Al-Midan, Al-Mezzeh Street, Building 15','h:/root/home/tareqmahmood-001/www/prohub/Freelancing Project Assets/Profile Pictures/14.jpg'),(15,'Ahmad','Khaled','ahmadkhaled@gmail.com',1,'+963 930 012 911',1,'Password15','1993-11-27','M','2022-12-16','Lattakia','Al-Qardaha, Al-Souq Street, Building 6','h:/root/home/tareqmahmood-001/www/prohub/Freelancing Project Assets/Profile Pictures/15.jpg'),(16,'Omar','Hassan','omarhassan@gmail.com',1,'+963 930 456 789',1,'Password16','1993-01-22','M','2023-01-02','Homs','Al-Waar, Al-Nakheel Street','h:/root/home/tareqmahmood-001/www/prohub/Freelancing Project Assets/Profile Pictures/16.jpg'),(17,'Ali','Abdullah','aliabdullah@gmail.com',1,'+963 930 567 890',1,'Password17','1990-04-13','M','2023-01-01','Tartous','Al-Qadmous, Al-Salam Street','h:/root/home/tareqmahmood-001/www/prohub/Freelancing Project Assets/Profile Pictures/17.jpg'),(18,'Bassam','Khalil','bassamkhalil@gmail.com',1,'+963 930 678 901',1,'Password18','1995-07-08','M','2023-02-10','Deir ez-Zor','Al-Hamidiyah, Al-Shuhada Street','h:/root/home/tareqmahmood-001/www/prohub/Freelancing Project Assets/Profile Pictures/18.jpg'),(19,'Nidal','Mohammed','nidalmohammed@gmail.com',1,'+963 930 789 012',1,'Password19','1992-10-17','M','2023-02-14','Latakia','Al-Haffah, Al-Bassam Street','h:/root/home/tareqmahmood-001/www/prohub/Freelancing Project Assets/Profile Pictures/19.jpg'),(20,'Yazan','Nasser','yazannasser@gmail.com',1,'+963 930 890 133',1,'Password20','1999-03-25','M','2023-02-16','Damascus','Al-Qadam, Al-Zahrawi Street','h:/root/home/tareqmahmood-001/www/prohub/Freelancing Project Assets/Profile Pictures/20.jpg'),(21,'Maher','Hamwi','maherhamwi@gmail.com',1,'+963 930 901 234',1,'Password21','1991-05-11','M','2023-02-11','Aleppo','Al-Sheikh Najjar, Industrial Area','h:/root/home/tareqmahmood-001/www/prohub/Freelancing Project Assets/Profile Pictures/21.jpg'),(22,'Jihad','Ibrahim','jihadibrahim@gmail.com',1,'+963 930 012 145',1,'Password22','1990-02-27','M','2023-01-14','Damascus','Al-Midan, Al-Mezzeh Street','h:/root/home/tareqmahmood-001/www/prohub/Freelancing Project Assets/Profile Pictures/22.jpg'),(23,'Tarek','Abdullah','tarekabdullah@gmail.com',1,'+963 930 123 456',1,'Password23','1993-07-14','M','2022-12-19','Lattakia','Al-Qardaha, Al-Souq Street','h:/root/home/tareqmahmood-001/www/prohub/Freelancing Project Assets/Profile Pictures/23.jpg'),(24,'Firas','Ahmad','firasahmad@gmail.com',1,'+963 930 234 567',1,'Password24','1996-11-30','M','2023-02-11','Hama','Al-Mashrouah, Al-Hadid Street','h:/root/home/tareqmahmood-001/www/prohub/Freelancing Project Assets/Profile Pictures/24.jpg'),(25,'Hazem','Khalil','hazemkhalil@gmail.com',1,'+963 930 345 698',1,'Password25','1994-04-13','M','2022-12-20','Tartous','Al-Qadmous, Al-Salam Street','h:/root/home/tareqmahmood-001/www/prohub/Freelancing Project Assets/Profile Pictures/25.jpg'),(26,'Anas','Nasser','anasnasser@gmail.com',1,'+963 930 456 799',1,'Password26','1991-10-08','M','2022-11-24','Homs','Al-Waar, Al-Moshtari Street','h:/root/home/tareqmahmood-001/www/prohub/Freelancing Project Assets/Profile Pictures/26.jpg'),(27,'Hisham','Ali','hishamali@gmail.com',1,'+963 930 567 891',1,'Password27','1998-04-14','M','2022-12-23','Aleppo','Al-Aziziyah, Al-Mashtal Street','h:/root/home/tareqmahmood-001/www/prohub/Freelancing Project Assets/Profile Pictures/27.jpg'),(28,'Bilal','Mohammed','bilalmohammed@gmail.com',1,'+963 930 678 921',1,'Password28','1995-01-22','M','2023-01-12','Deir ez-Zor','Al-Hamidiyah, Al-Jala Street','h:/root/home/tareqmahmood-001/www/prohub/Freelancing Project Assets/Profile Pictures/28.jpg'),(29,'Omar','Najjar','omarnajjar@gmail.com',1,'+963 990 789 012',1,'Password29','1992-10-17','M','2023-01-29','Latakia','Al-Qardaha, Al-Souq Street','h:/root/home/tareqmahmood-001/www/prohub/Freelancing Project Assets/Profile Pictures/29.jpg'),(30,'Khaled','Khalid','khaledkhalid@gmail.com',1,'+963 930 890 122',1,'Password30','1999-03-25','M','2023-02-23','Damascus','Al-Qadam, Al-Zahrawi Street','h:/root/home/tareqmahmood-001/www/prohub/Freelancing Project Assets/Profile Pictures/30.jpg'),(31,'Omar','Saeed','omarsaeed@gmail.com',1,'+963 931 901 234',1,'Password31','1993-02-01','M','2023-01-25','Lattakia','Al-Jableh, Al-Qalaat Street, near Al-Taqwa School','h:/root/home/tareqmahmood-001/www/prohub/Freelancing Project Assets/Profile Pictures/31.jpg'),(32,'Bassel','Khalil','basselkhalil@gmail.com',1,'+963 930 212 345',1,'Password32','1990-09-13','M','2023-01-05','Lattakia','Al-Mazraa, Al-Maarek Street, near Al-Awael Pharmacy','h:/root/home/tareqmahmood-001/www/prohub/Freelancing Project Assets/Profile Pictures/32.jpg'),(33,'Talal','Abdullah','talalabdullah@gmail.com',1,'+963 930 123 446',1,'Password33','1995-12-27','M','2022-12-26','Lattakia','Al-Ramel, Al-Jamiaa Street, near Al-Huda Mosque','h:/root/home/tareqmahmood-001/www/prohub/Freelancing Project Assets/Profile Pictures/33.jpg'),(34,'Ahmad','Hassoun','ahmadhassoun@gmail.com',1,'+963 930 234 967',1,'Password34','1998-07-30','M','2023-01-03','Lattakia','Al-Quraq, Al-Arbaeen Street, near Al-Muhaidib Stationery','h:/root/home/tareqmahmood-001/www/prohub/Freelancing Project Assets/Profile Pictures/34.jpg'),(35,'Nidal','Nasser','nidalnasser@gmail.com',1,'+963 930 345 978',1,'Password35','1991-04-08','M','2022-12-07','Lattakia','Al-Mazraa, Al-Rawda Street, near Al-Maamoun Bakery','h:/root/home/tareqmahmood-001/www/prohub/Freelancing Project Assets/Profile Pictures/35.jpg'),(36,'Khaled','Ali','khaledali@gmail.com',1,'+963 930 466 789',1,'Password36','1994-11-25','M','2023-01-11','Lattakia','Al-Qasab, Al-Makateb Street, near Al-Ameen Clinic','h:/root/home/tareqmahmood-001/www/prohub/Freelancing Project Assets/Profile Pictures/36.jpg'),(37,'Yazan','Mohammed','yazanmohammed@gmail.com',1,'+963 930 567 990',1,'Password37','1997-06-22','M','2022-12-02','Lattakia','Al-Mazraa, Al-Salam Street, near Al-Sultan\'s Palace','h:/root/home/tareqmahmood-001/www/prohub/Freelancing Project Assets/Profile Pictures/37.jpg'),(38,'Tareq','Hamwi','tareqhamwi@gmail.com',1,'+963 930 678 991',1,'Password38','1992-03-17','M','2022-11-28','Lattakia','Al-Qasab, Al-Mashtal Street, near Al-Shamal Park','h:/root/home/tareqmahmood-001/www/prohub/Freelancing Project Assets/Profile Pictures/38.jpg'),(39,'Majd','Ibrahim','majdibrahim@gmail.com',1,'+963 930 789 912',1,'Password39','1999-08-02','M','2022-11-25','Lattakia','Al-Qasab, Al-Jabriya Street, near Al-Maamoura Beach','h:/root/home/tareqmahmood-001/www/prohub/Freelancing Project Assets/Profile Pictures/39.jpg'),(40,'Rami','Zaid','ramizaid@gmail.com',1,'+963 930 890 923',1,'Password40','1996-01-19','M','2022-11-24','Lattakia','Al-Quraq, Al-Souq Street, near Al-Khairiyya Mosque','h:/root/home/tareqmahmood-001/www/prohub/Freelancing Project Assets/Profile Pictures/40.jpg'),(41,'Zaid','Al-Basha','zaidalbasha@gmail.com',1,'+963 930 901 939',1,'Password41','1992-11-15','M','2022-11-29','Hama','Al-Malek, Al-Hadidi Street, near Al-Souq Al-Jadeed','h:/root/home/tareqmahmood-001/www/prohub/Freelancing Project Assets/Profile Pictures/41.jpg'),(42,'Firas','Al-Khalil','firasalkhalil@gmail.com',1,'+963 930 012 395',1,'Password42','1995-03-27','M','2022-12-23','Latakia','Al-Ramel, Al-Mashtal Street, near Al-Salam Mosque','h:/root/home/tareqmahmood-001/www/prohub/Freelancing Project Assets/Profile Pictures/42.jpg'),(43,'Rami','Al-Homsi','ramialhomsi@gmail.com',1,'+963 930 123 496',1,'Password43','1990-08-10','M','2022-12-30','Aleppo','Al-Fardous, Al-Souq Al-Saghir Street, near Al-Sharq Hotel','h:/root/home/tareqmahmood-001/www/prohub/Freelancing Project Assets/Profile Pictures/43.jpg'),(44,'Nizar','Al-Sheikh','nizaralsheikh@gmail.com',1,'+963 930 234 597',1,'Password44','1993-05-22','M','2022-11-26','Homs','Al-Qusoor, Al-Rasheed Street, near Al-Madina Al-Munawwara Mosque','h:/root/home/tareqmahmood-001/www/prohub/Freelancing Project Assets/Profile Pictures/44.jpg'),(45,'Ammar','Al-Bitar','ammaralbitar@gmail.com',1,'+963 930 345 679',1,'Password45','1996-12-01','M','2022-12-01','Tartous','Al-Qadmus, Al-Souq Al-Kabeer Street, near Al-Kafrunyeh Park','h:/root/home/tareqmahmood-001/www/prohub/Freelancing Project Assets/Profile Pictures/45.jpg'),(46,'Jad','Al-Abdullah','jadalabdullah@gmail.com',1,'+963 930 998 799',1,'Password46','1999-07-17','M','2022-12-31','Damascus','Al-Midan, Al-Souq Al-Jadeed Street, near Al-Naser Mosque','h:/root/home/tareqmahmood-001/www/prohub/Freelancing Project Assets/Profile Pictures/46.jpg'),(47,'Mohanad','Al-Omar','mohanadalomar@gmail.com',1,'+963 930 567 899',1,'Password47','1994-02-18','M','2023-02-01','Hama','Al-Sabouniya, Al-Qalaa Street, near Al-Salam Hospital','h:/root/home/tareqmahmood-001/www/prohub/Freelancing Project Assets/Profile Pictures/47.jpg'),(48,'Ammar','Al-Dandal','ammaraldandal@gmail.com',1,'+963 930 678 971',1,'Password48','1997-09-23','M','2023-01-03','Latakia','Al-Qasab, Al-Souq Al-Kabeer Street, near Al-Mahatta Station','h:/root/home/tareqmahmood-001/www/prohub/Freelancing Project Assets/Profile Pictures/48.jpg'),(49,'Tareq','Al-Faris','tariqalfaris@gmail.com',1,'+963 930 789 072',1,'Password49','1991-06-08','M','2022-11-24','Homs','Al-Waar, Al-Khandaq Street, near Al-Mahdi Mosque','h:/root/home/tareqmahmood-001/www/prohub/Freelancing Project Assets/Profile Pictures/49.jpg'),(50,'Nidal','Al-Tarsha','nidaltarsha@gmail.com',1,'+963 930 890 173',1,'Password50','1998-03-13','M','2023-02-17','Aleppo','Al-A\'zamiyah, Al-Shaikh Najjar Street, near Al-Kabir Mosque','h:/root/home/tareqmahmood-001/www/prohub/Freelancing Project Assets/Profile Pictures/50.jpg'),(51,'Mona','Hamad','monahamad@gmail.com',1,'+963 930 234 111',1,'Password51','1992-05-10','F','2022-12-28','Homs','Al-Nuzha','h:/root/home/tareqmahmood-001/www/prohub/Freelancing Project Assets/Profile Pictures/51.jpg'),(52,'Nadia','Mahmoud','nadiamahmoud@gmail.com',1,'+963 930 456 445',1,'Password52','1990-12-28','F','2022-12-15','Lattakia','Al-Jumruk','h:/root/home/tareqmahmood-001/www/prohub/Freelancing Project Assets/Profile Pictures/52.jpg'),(53,'Nawal','Ali','nawalali@gmail.com',1,'+963 930 678 123',1,'Password53','1993-04-02','F','2022-12-04','Damascus','Al-Shaghour','h:/root/home/tareqmahmood-001/www/prohub/Freelancing Project Assets/Profile Pictures/53.jpg'),(54,'Samar','Mohammad','samarmohammad@gmail.com',1,'+963 930 890 321',1,'Password54','1996-09-30','F','2023-02-24','Aleppo','Al-Suleymaniya','h:/root/home/tareqmahmood-001/www/prohub/Freelancing Project Assets/Profile Pictures/54.jpg'),(55,'Hala','Abdullah','halaabdullah@gmail.com',1,'+963 930 012 548',1,'Password55','1994-03-11','F','2022-12-29','Damascus','Al-Mazraa','h:/root/home/tareqmahmood-001/www/prohub/Freelancing Project Assets/Profile Pictures/55.jpg'),(56,'Sana','Ibrahim','sanaibrahim@gmail.com',1,'+963 930 234 675',1,'Password56','1998-09-23','F','2022-12-02','Aleppo','Al-Fardous','h:/root/home/tareqmahmood-001/www/prohub/Freelancing Project Assets/Profile Pictures/56.jpg'),(57,'Yasmin','Ahmad','yasminahmad@gmail.com',1,'+963 930 456 543',1,'Password57','1996-02-05','F','2023-01-03','Hama','Masyaf','h:/root/home/tareqmahmood-001/www/prohub/Freelancing Project Assets/Profile Pictures/57.jpg'),(58,'Abeer','Khalid','abeerkhalid@gmail.com',1,'+963 930 567 799',1,'Password58','1997-05-12','F','2023-02-17','Damascus','Al-Midan','h:/root/home/tareqmahmood-001/www/prohub/Freelancing Project Assets/Profile Pictures/58.jpg'),(59,'Rana','Hussein','ranahussein@gmail.com',1,'+963 930 789 992',1,'Password59','1995-11-20','F','2022-12-04','Aleppo','Al-Zahraa','h:/root/home/tareqmahmood-001/www/prohub/Freelancing Project Assets/Profile Pictures/59.jpg'),(60,'Nour','Omar','nouromar@gmail.com',1,'+963 930 901 274',1,'Password60','1999-07-28','F','2022-11-23','Homs','Al-Mahatta','h:/root/home/tareqmahmood-001/www/prohub/Freelancing Project Assets/Profile Pictures/60.jpg'),(61,'Lama','Mustafa','lamamustafa@gmail.com',1,'+963 930 234 577',1,'Password61','1993-01-30','F','2023-02-07','Aleppo','Al-Hamra, Al-Wahdah Street, Building 15','h:/root/home/tareqmahmood-001/www/prohub/Freelancing Project Assets/Profile Pictures/61.jpg'),(62,'Jana','Ali','janaali@gmail.com',1,'+963 930 446 789',1,'Password62','1999-03-25','F','2023-02-17','Damascus','Al-Midan, Al-Mansour Street, Building 10','h:/root/home/tareqmahmood-001/www/prohub/Freelancing Project Assets/Profile Pictures/62.jpg'),(63,'Diana','Youssef','dianayoussef@gmail.com',1,'+963 930 678 923',1,'Password63','1994-09-15','F','2022-11-28','Hama','Al-Salamiyah, Al-Nuri Street, Building 12','h:/root/home/tareqmahmood-001/www/prohub/Freelancing Project Assets/Profile Pictures/63.jpg'),(64,'Sara','Mahmoud','saramahmoud@gmail.com',1,'+963 930 901 567',1,'Password64','1995-08-18','F','2023-02-04','Homs','Al-Waar, Al-Nakheel Street, Building 9','h:/root/home/tareqmahmood-001/www/prohub/Freelancing Project Assets/Profile Pictures/64.jpg'),(65,'Lina','Hassan','linahassan@gmail.com',1,'+963 930 416 789',1,'Password65','1994-06-11','F','2023-01-17','Hama','Al-Mashrouah, Al-Hadid Street, Building 12','h:/root/home/tareqmahmood-001/www/prohub/Freelancing Project Assets/Profile Pictures/65.jpg'),(66,'Rana','Ali','ranaali@gmail.com',1,'+963 930 567 991',1,'Password66','1991-09-23','F','2023-01-23','Tartous','Al-Qadmous, Al-Salam Street, Building 2','h:/root/home/tareqmahmood-001/www/prohub/Freelancing Project Assets/Profile Pictures/66.jpg'),(67,'Samar','Ibrahim','samaribrahim@gmail.com',1,'+963 930 658 901',1,'Password67','1996-12-01','F','2023-01-09','Deir ez-Zor','Al-Hamidiyah, Al-Shuhada Street, Building 8','h:/root/home/tareqmahmood-001/www/prohub/Freelancing Project Assets/Profile Pictures/67.jpg'),(68,'Hiba','Khalil','hibakhalil@gmail.com',1,'+963 937 789 912',1,'Password68','1993-03-18','F','2023-01-18','Latakia','Al-Haffah, Al-Bassam Street, Building 5','h:/root/home/tareqmahmood-001/www/prohub/Freelancing Project Assets/Profile Pictures/68.jpg'),(69,'Dana','Mohammed','danamohammed@gmail.com',1,'+963 930 990 123',1,'Password69','1990-08-07','F','2023-01-05','Damascus','Al-Qadam, Al-Zahrawi Street, Building 10','h:/root/home/tareqmahmood-001/www/prohub/Freelancing Project Assets/Profile Pictures/69.jpg'),(70,'Lamia','Hassoun','lamiahassoun@gmail.com',1,'+963 930 991 254',1,'Password70','1995-02-19','F','2023-01-16','Homs','Al-Waar, Al-Nakheel Street','h:/root/home/tareqmahmood-001/www/prohub/Freelancing Project Assets/Profile Pictures/70.jpg'),(71,'Jinan','Khair','jinankhair@gmail.com',1,'+963 937 012 395',1,'Password71','1992-11-27','F','2023-01-09','Damascus','Al-Qanawat, Al-Halbouni Street','h:/root/home/tareqmahmood-001/www/prohub/Freelancing Project Assets/Profile Pictures/71.jpg'),(72,'Nisreen','Nasser','nisreennasser@gmail.com',1,'+963 939 123 456',1,'Password72','1997-04-14','F','2023-02-09','Lattakia','Jableh, Al-Balad Street','h:/root/home/tareqmahmood-001/www/prohub/Freelancing Project Assets/Profile Pictures/72.jpg'),(73,'Hadeel','Darwish','hadeeldarwish@gmail.com',1,'+963 939 234 567',1,'Password73','1994-07-30','F','2023-01-18','Aleppo','Al-Hamdaniyah, Al-Fardous Street','h:/root/home/tareqmahmood-001/www/prohub/Freelancing Project Assets/Profile Pictures/73.jpg'),(74,'Rama','Sleiman','ramasleiman@gmail.com',1,'+963 930 348 678',1,'Password74','1991-10-08','F','2023-01-14','Hama','Al-Mashrouah, Al-Sharq Street','h:/root/home/tareqmahmood-001/www/prohub/Freelancing Project Assets/Profile Pictures/74.jpg'),(75,'Lina','Saeed','linasaeed@gmail.com',1,'+963 930 921 234',1,'Password75','1993-05-11','F','2022-11-20','Lattakia','Al-Jableh, Al-Souq Street, near Al-Safa Mosque','h:/root/home/tareqmahmood-001/www/prohub/Freelancing Project Assets/Profile Pictures/75.jpg'),(76,'Nour','Khalil','nourkhalil@gmail.com',1,'+963 937 012 345',1,'Password76','1990-11-27','F','2022-12-28','Lattakia','Al-Mazraa, Al-Rawda Street, near Al-Falah School','h:/root/home/tareqmahmood-001/www/prohub/Freelancing Project Assets/Profile Pictures/76.jpg'),(77,'Rania','Abdullah','raniaabdullah@gmail.com',1,'+963 937 123 456',1,'Password77','1997-04-14','F','2023-02-21','Lattakia','Al-Shamaliya, Al-Makateb Street, near Al-Faris Restaurant','h:/root/home/tareqmahmood-001/www/prohub/Freelancing Project Assets/Profile Pictures/77.jpg'),(78,'Dina','Hassoun','dinahassoun@gmail.com',1,'+963 937 234 567',1,'Password78','1994-07-30','F','2023-01-10','Lattakia','Al-Ramel, Al-Asima Street, near Al-Shamal Complex','h:/root/home/tareqmahmood-001/www/prohub/Freelancing Project Assets/Profile Pictures/78.jpg'),(79,'Sara','Nasser','saranasser@gmail.com',1,'+963 937 345 678',1,'Password79','1991-10-08','F','2023-02-10','Lattakia','Al-Quraq, Al-Souq Street, near Al-Mashtal Mosque','h:/root/home/tareqmahmood-001/www/prohub/Freelancing Project Assets/Profile Pictures/79.jpg'),(80,'Aya','Ali','ayaali@gmail.com',1,'+963 937 496 789',1,'Password80','1998-03-25','F','2023-01-15','Lattakia','Al-Mazraa, Al-Jamiaa Street, near Al-Manar Hospital','h:/root/home/tareqmahmood-001/www/prohub/Freelancing Project Assets/Profile Pictures/80.jpg'),(81,'Mona','Mohammed','monamohammed@gmail.com',1,'+963 937 567 890',1,'Password81','1995-01-22','F','2022-12-28','Lattakia','Al-Mazraa, Al-Huda Street, near Al-Rawda Garden','h:/root/home/tareqmahmood-001/www/prohub/Freelancing Project Assets/Profile Pictures/81.jpg'),(82,'Nadia','Hamwi','nadiahamwi@gmail.com',1,'+963 937 678 901',1,'Password82','1992-09-17','F','2022-12-14','Lattakia','Al-Qasab, Al-Markaz Street, near Al-Hamra Shopping Center','h:/root/home/tareqmahmood-001/www/prohub/Freelancing Project Assets/Profile Pictures/82.jpg'),(83,'Noura','Ibrahim','nouraibrahim@gmail.com',1,'+963 937 789 012',1,'Password83','1999-12-02','F','2022-11-28','Lattakia','Al-Bassel, Al-Wahda Street, near Al-Nour Mosque','h:/root/home/tareqmahmood-001/www/prohub/Freelancing Project Assets/Profile Pictures/83.jpg'),(84,'Lama','Zaid','lamazaid@gmail.com',1,'+963 936 890 123',1,'Password84','1996-05-19','F','2023-01-29','Lattakia','Al-Qasab, Al-Tawfiq Street, near Al-Rawabi Restaurant','h:/root/home/tareqmahmood-001/www/prohub/Freelancing Project Assets/Profile Pictures/84.jpg'),(85,'Nour','Al-Khaled','nouralkhaled@gmail.com',1,'+963 990 941 234',1,'Password85','1993-06-27','F','2022-12-21','Aleppo','Al-Midan, Al-Souq Al-Jadeed Street, near Al-Naser Mosque','h:/root/home/tareqmahmood-001/www/prohub/Freelancing Project Assets/Profile Pictures/85.jpg'),(86,'Lina','Al-Saleh','linaalsaleh@gmail.com',1,'+963 990 012 345',1,'Password86','1998-02-14','F','2023-01-03','Tartous','Al-Qadmus, Al-Souq Al-Kabeer Street, near Al-Kafrunyeh Park','h:/root/home/tareqmahmood-001/www/prohub/Freelancing Project Assets/Profile Pictures/86.jpg'),(87,'Rania','Al-Ahmad','raniaalahmad@gmail.com',1,'+963 990 123 456',1,'Password87','1995-11-05','F','2022-12-22','Latakia','Al-Ramel, Al-Mashtal Street, near Al-Salam Mosque','h:/root/home/tareqmahmood-001/www/prohub/Freelancing Project Assets/Profile Pictures/87.jpg'),(88,'Samar','Al-Jaber','sameraljaber@gmail.com',1,'+963 990 234 567',1,'Password88','1992-08-16','F','2022-12-18','Hama','Al-Malek, Al-Hadidi Street, near Al-Souq Al-Jadeed','h:/root/home/tareqmahmood-001/www/prohub/Freelancing Project Assets/Profile Pictures/88.jpg'),(89,'Nada','Al-Sayed','nadaalsayed@gmail.com',1,'+963 990 345 678',1,'Password89','1994-05-22','F','2023-01-08','Damascus','Al-Midan, Al-Souq Al-Jadeed Street, near Al-Naser Mosque','h:/root/home/tareqmahmood-001/www/prohub/Freelancing Project Assets/Profile Pictures/89.jpg'),(90,'Jinan','Al-Ali','jinanali@gmail.com',1,'+963 990 426 789',1,'Password90','1997-03-27','F','2023-01-23','Homs','Al-Qusoor, Al-Rasheed Street, near Al-Madina Al-Munawwara Mosque','h:/root/home/tareqmahmood-001/www/prohub/Freelancing Project Assets/Profile Pictures/90.jpg'),(91,'Layan','Al-Hafiz','layanalhafiz@gmail.com',1,'+963 990 567 890',1,'Password91','1999-12-01','F','2023-02-01','Aleppo','Al-Fardous, Al-Souq Al-Saghir Street, near Al-Sharq Hotel','h:/root/home/tareqmahmood-001/www/prohub/Freelancing Project Assets/Profile Pictures/91.jpg'),(92,'Dana','Al-Masri','danaalmasri@gmail.com',1,'+963 990 678 991',1,'Password92','1990-07-17','F','2023-02-05','Tartous','Al-Qasab, Al-Souq Al-Kabeer Street, near Al-Mahatta Station','h:/root/home/tareqmahmood-001/www/prohub/Freelancing Project Assets/Profile Pictures/92.jpg'),(93,'Hala','Al-Rifai','halaalrifai@gmail.com',1,'+963 990 789 512',1,'Password93','1993-04-18','F','2023-01-27','Hama','Al-Sabouniya, Al-Qalaa Street, near Al-Salam Hospital','h:/root/home/tareqmahmood-001/www/prohub/Freelancing Project Assets/Profile Pictures/93.jpg'),(94,'Sara','Al-Masalmeh','saraalmasalmeh@gmail.com',1,'+963 990 890 123',1,'Password94','1996-01-23','F','2022-12-01','Latakia','Al-Qasab, Al-Souq Al-Kabeer Street, near Al-Mahatta Station','h:/root/home/tareqmahmood-001/www/prohub/Freelancing Project Assets/Profile Pictures/94.jpg'),(95,'Malak','Al-Hamwi','malakalhamwi@gmail.com',1,'+963 990 901 180',1,'Password95','1996-05-11','F','2023-01-12','Homs','Al-Zahraa, Al-Farabi Street, near Al-Hikma School','h:/root/home/tareqmahmood-001/www/prohub/Freelancing Project Assets/Profile Pictures/95.jpg'),(96,'Maha','Al-Amer','mahaalamer@gmail.com',1,'+963 990 012 281',1,'Password96','1993-07-22','F','2022-12-27','Deir ez-Zor','Al-Joura, Al-Thawra Street, near Al-Zuhur Park','h:/root/home/tareqmahmood-001/www/prohub/Freelancing Project Assets/Profile Pictures/96.jpg'),(97,'Sana','Al-Saad','sanaalsaad@gmail.com',1,'+963 990 123 382',1,'Password97','1997-02-04','F','2022-12-17','Damascus','Mazzeh, Al-Sham Street, near Al-Baath University','h:/root/home/tareqmahmood-001/www/prohub/Freelancing Project Assets/Profile Pictures/97.jpg'),(98,'Rasha','Al-Shami','rashaalshami@gmail.com',1,'+963 990 234 483',1,'Password98','1995-09-18','F','2022-12-16','Latakia','Al-Haffah, Al-Mahatta Street, near Al-Souq Al-Kabeer','h:/root/home/tareqmahmood-001/www/prohub/Freelancing Project Assets/Profile Pictures/98.jpg'),(99,'Nadeen','Al-Moussa','nadeenalmoussa@gmail.com',1,'+963 990 345 584',1,'Password99','1994-04-01','F','2023-01-09','Hama','Al-Sabouniya, Al-Qalaa Street, near Al-Salam Hospital','h:/root/home/tareqmahmood-001/www/prohub/Freelancing Project Assets/Profile Pictures/99.jpg'),(100,'Noura','Abbas','nouraabbas@gmail.com',1,'+963 930 123 232',1,'Password100','1990-02-03','F','2023-02-05','Aleppo','Al-Aziziyah, Al-Nour Street, Building 4','h:/root/home/tareqmahmood-001/www/prohub/Freelancing Project Assets/Profile Pictures/100.jpg');
/*!40000 ALTER TABLE `users` ENABLE KEYS */;
UNLOCK TABLES;

--
-- Dumping routines for database 'db_a993c8_freelan'
--
/*!50003 DROP PROCEDURE IF EXISTS `drop_all_triggers` */;
/*!50003 SET @saved_cs_client      = @@character_set_client */ ;
/*!50003 SET @saved_cs_results     = @@character_set_results */ ;
/*!50003 SET @saved_col_connection = @@collation_connection */ ;
/*!50003 SET character_set_client  = utf8mb4 */ ;
/*!50003 SET character_set_results = utf8mb4 */ ;
/*!50003 SET collation_connection  = utf8mb4_unicode_ci */ ;
/*!50003 SET @saved_sql_mode       = @@sql_mode */ ;
/*!50003 SET sql_mode              = 'NO_ENGINE_SUBSTITUTION' */ ;
DELIMITER ;;
CREATE DEFINER=`a993c8_freelan`@`%` PROCEDURE `drop_all_triggers`()
BEGIN

DECLARE done INT DEFAULT FALSE;
DECLARE trigger_name VARCHAR(300);
DECLARE cur CURSOR FOR SELECT trigger_name FROM information_schema.triggers WHERE trigger_schema = DATABASE();
DECLARE CONTINUE HANDLER FOR NOT FOUND SET done = TRUE;

OPEN cur;
read_loop: LOOP
FETCH cur INTO trigger_name;
IF done THEN
LEAVE read_loop;
END IF;


SET @stmt = CONCAT('DROP TRIGGER IF EXISTS ', trigger_name);
PREPARE stmt FROM @stmt;
EXECUTE stmt;
DEALLOCATE PREPARE stmt;
END LOOP;

CLOSE cur;

END ;;
DELIMITER ;
/*!50003 SET sql_mode              = @saved_sql_mode */ ;
/*!50003 SET character_set_client  = @saved_cs_client */ ;
/*!50003 SET character_set_results = @saved_cs_results */ ;
/*!50003 SET collation_connection  = @saved_col_connection */ ;
/*!40103 SET TIME_ZONE=@OLD_TIME_ZONE */;

/*!40101 SET SQL_MODE=@OLD_SQL_MODE */;
/*!40014 SET FOREIGN_KEY_CHECKS=@OLD_FOREIGN_KEY_CHECKS */;
/*!40014 SET UNIQUE_CHECKS=@OLD_UNIQUE_CHECKS */;
/*!40101 SET CHARACTER_SET_CLIENT=@OLD_CHARACTER_SET_CLIENT */;
/*!40101 SET CHARACTER_SET_RESULTS=@OLD_CHARACTER_SET_RESULTS */;
/*!40101 SET COLLATION_CONNECTION=@OLD_COLLATION_CONNECTION */;
/*!40111 SET SQL_NOTES=@OLD_SQL_NOTES */;

-- Dump completed on 2023-06-13 13:20:27
